tache,index,prefix,ids,textes
3,PERSONNES,HDPAR-HD,HDPAR-HD_rs_0086 HDPAR-HD_rs_0087,"Adam, presbyter . || Adam, presbyter ."
3,PERSONNES,HDPAR-HD,HDPAR-HD_rs_0091 HDPAR-HD_rs_0092,Adam Anglicus . || Adam Anglicus .
3,PERSONNES,SAPC-AB,SAPC-AB_rs_0041 SAPC-AB_rs_0042,"Aelidis: Saint-Antoine-des-Champs, acte 317; v. Petrus Prepositus de Campaniis, maritus ejus. || Aelidis: Saint-Antoine-des-Champs, acte 365; v. Ricaudis dou Perier, mater ejus."
3,PERSONNES,SAPC-AB,SAPC-AB_rs_0045 SAPC-AB_rs_0046 SAPC-AB_rs_0048 SAPC-AB_rs_0049 SAPC-AB_rs_0050 SAPC-AB_rs_0051 SAPC-AB_rs_0052 SAPC-AB_rs_0053 SAPC-AB_rs_0054 SAPC-AB_rs_0056 SAPC-AB_rs_0058 SAPC-AB_rs_0059 SAPC-AB_rs_0060 SAPC-AB_rs_0063,"Agnes: Saint-Antoine-des-Champs, acte 196; v. Aalicia Caligaria, mater ejus, Baldoinus Picart, maritus ejus. || Agnes: Saint-Antoine-des-Champs, acte 193, Saint-Antoine-des-Champs, acte 219, Saint-Antoine-des-Champs, acte 207; v. Droco de Monte Firmiolo, Adam, J || Agnes: Saint-Antoine-des-Champs, acte 315, Saint-Antoine-des-Champs, acte 328; v. Ferricus, marescallus Francie, maritus ejus. || Agnes: Saint-Antoine-des-Champs, acte 345; v. Guido de Boubiez, maritus ejus. || Agnes: Saint-Antoine-des-Champs, acte 231; v. Guillermus, filius ejus, Guido de Fontenellis, (secundus) maritus ejus. || Agnes: Saint-Antoine-des-Champs, acte 31; v. Guillelmus de Monte Fermel, maritus ejus. || Agnes: Saint-Antoine-des-Champs, acte 292 ; v. Haymericus Philippi, maritus ejus. || Agnes: Saint-Antoine-des-Champs, acte 39; v. Johannes de Bello Fonte, pater ejus. || Agnes: Saint-Antoine-des-Champs, acte 10; v. Johannes de Semevilla, maritus ejus. || Agnes: Saint-Antoine-des-Champs, acte 69, Saint-Antoine-des-Champs, acte 70; v. Petrus de Bobez, maritus ejus. || Agnes: Saint-Antoine-des-Champs, acte 64; v. Petrus de Floriaco, maritus ejus. || Agnes: Saint-Antoine-des-Champs, acte 146, Saint-Antoine-des-Champs, acte 346; v. Petrus le Ber, maritus ejus. || Agnes: Saint-Antoine-des-Champs, acte 87, Saint-Antoine-des-Champs, acte 88; v. Robertus le Ber, maritus ejus. || Agnes: Saint-Antoine-des-Champs, acte 95; v. Thiboldus de Bri, maritus ejus."
3,PERSONNES,SAPC-AB,SAPC-AB_rs_0086 SAPC-AB_rs_0087,"Amicia: Saint-Antoine-des-Champs, acte 49; v. Johannis Briart, maritus ejus. || Amicia: Saint-Antoine-des-Champs, acte 7, Saint-Antoine-des-Champs, acte 12; v. Reginaldus de Saveniaco, maritus ejus."
3,PERSONNES,HDPAR-HD,HDPAR-HD_rs_0321 HDPAR-HD_rs_0322,Andreas de Villa Nova . || Andreas de Villa Nova .
3,PERSONNES,HDPAR-HD,HDPAR-HD_rs_0335 HDPAR-HD_rs_0336,Anglicus (Adam) . || Anglicus (Adam) .
3,PERSONNES,HDPAR-HD,HDPAR-HD_rs_0342 HDPAR-HD_rs_0343 HDPAR-HD_rs_0344,Anglicus (Galterus) . || Anglicus (Galterus) . || Anglicus (Galterus) .
3,PERSONNES,SMPA-AB-03,SMPA-AB-03_rs_0099 SMPA-AB-03_rs_0100,"Argenteuil (Jean d’), tavernier, Jehan d’Argentueil , Saint-Magloire, tome III, acte 98 note 1. || Argenteuil (Jean d’), Jehan d’Argentueil, Saint-Magloire, tome III, acte 138 ; — (Gile d’), sa veuve, Gille d’Argentueil ."
3,PERSONNES,SMPA-AB-03,SMPA-AB-03_rs_0117 SMPA-AB-03_rs_0118,"Arrode (Jean), changeur, Jehan Arrode , Saint-Magloire, tome III, acte 78 note 1; — Agnès, sa femme . || Arrode (Jean), Jehan Arrode, Saint-Magloire, tome III, acte 145."
3,PERSONNES,SAPC-AB,SAPC-AB_rs_0113 SAPC-AB_rs_0114 SAPC-AB_rs_0115,"Ascelina: Saint-Antoine-des-Champs, acte 249; v. Andréas de Fonte, maritus ejus, Johannes, filius ejus. || Ascelina: Saint-Antoine-des-Champs, acte 261; v.v. , liberi eorumGirodus de Ethera, maritus ejusTheobaldus et HugoOdo, gener eorum. || Ascelina: Saint-Antoine-des-Champs, acte 249; v. Johannes de Kala, maritus ejus."
3,PERSONNES,SMPO-AB,SMPO-AB_rs_0135 SMPO-AB_rs_0137,"Aubert, sous-diacre . || Aubert, sous-diacre ."
3,PERSONNES,HDPAR-HD,HDPAR-HD_rs_0483 HDPAR-HD_rs_0484 HDPAR-HD_rs_0485,Auda . || Auda . || Auda .
3,PERSONNES,SMPA-AB-03,SMPA-AB-03_rs_0153 SMPA-AB-03_rs_0154,"Augier (Jean), Jehan Augier, Saint-Magloire, tome III, acte 92. || Augier (Jean), bourgeois de Paris, exécuteur testamentaire d’Oudard de Maucreux, Saint-Magloire, tome III, acte 298, note 1."
3,PERSONNES,SMPA-AB-03,SMPA-AB-03_rs_0168 SMPA-AB-03_rs_0169 SMPA-AB-03_rs_0170 SMPA-AB-03_rs_0171,"Auriac, ou Aurillac, Oriac, Orillac (Renaud d’), épicier à Figeac, puis à Paris, Saint-Magloire, tome III, acte 76, note. || Auriac, ou Aurillac, Oriac, Orillac (Hugues d’), son fils aîné (?) , Saint-Magloire, tome III, acte 138 note 3, note. || Auriac, ou Aurillac, Oriac, Orillac (Renaud II d’), son autre fils, Saint-Magloire, tome III, acte 76, note, Saint-Magloire, tome III, acte 138 note 3 || Auriac, ou Aurillac, Oriac, Orillac (Bernard d’), son troisième fils, Saint-Magloire, tome III, acte 138 note 3 note"
3,PERSONNES,SAPC-AB,SAPC-AB_rs_0127 SAPC-AB_rs_0128,"Avelina: Saint-Antoine-des-Champs, acte 86; v. Adam Godart, maritus ejus. || Avelina: Saint-Antoine-des-Champs, acte 271, Saint-Antoine-des-Champs, acte 277; v. Simon de Venabulis, maritus ejus."
3,PERSONNES,SMPA-AB-03,SMPA-AB-03_rs_0216 SMPA-AB-03_rs_0217,"Baillet (Jehan), Saint-Magloire, tome III, acte 83. || Baillet (Jehan), sergent à verge du Châtelet, Saint-Magloire, tome III, acte 49."
3,PERSONNES,SMPA-AB-03,SMPA-AB-03_rs_0241 SMPA-AB-03_rs_0242,"Barbier (Perrin le), de Saint-Léger-en-Yvelines, Saint-Magloire, tome III, acte 91. || Barbier (Perrin le), Saint-Magloire, tome III, acte 271, Saint-Magloire, tome III, acte 275."
3,PERSONNES,SAPC-AB,SAPC-AB_rs_0138 SAPC-AB_rs_0139 SAPC-AB_rs_0140,"Bartholomeus: Saint-Antoine-des-Champs, acte 199; v. Aalicia Thesauraria, mater ejus. || Bartholomeus: Saint-Antoine-des-Champs, acte 189; v. Guillermus Foot, pater ejus, Basilia, mater ejus. || Bartholomeus: Saint-Antoine-des-Champs, acte 216; v. Jocelinus Cerviciarius, frater ejus."
3,PERSONNES,SCOR-EG,SCOR-EG_rs_0321 SCOR-EG_rs_0322 SCOR-EG_rs_0323,"Bartholomeus, p. Sainte-Croix d'Orléans, acte 75. || Bartholomeus, p. Sainte-Croix d'Orléans, acte 72. || Bartholomeus, p. Sainte-Croix d'Orléans, acte 45."
3,PERSONNES,SAPC-AB,SAPC-AB_rs_0142 SAPC-AB_rs_0143 SAPC-AB_rs_0144 SAPC-AB_rs_0145,"Basilia: Saint-Antoine-des-Champs, acte 152; v. Gaufridus de Bri, maritus ejus. || Basilia: Saint-Antoine-des-Champs, acte 215; v. Guido de Sarcella, maritus ejus. || Basilia: Saint-Antoine-des-Champs, acte 288; v. Guillelmus Pavonis, marituts ejus. || Basilia: Saint-Antoine-des-Champs, acte 189; v. Guillermus Foot, maritus ejus, Bartholomeus, filius eorum."
3,PERSONNES,SMPA-AB-03,SMPA-AB-03_rs_0325 SMPA-AB-03_rs_0326,"Benoist (Jehan), pelletier, Saint-Magloire, tome III, acte 131, n. dors. || Benoist (Jehan), Saint-Magloire, tome III, acte 137."
3,PERSONNES,SMPA-AB-03,SMPA-AB-03_rs_0397 SMPA-AB-03_rs_0398,"Blanchet (maître Hugues), secrétaire du roi, Saint-Magloire, tome III, acte 272. || Blanchet (maître Jean), procureur au Châtelet, Saint-Magloire, tome III, acte 56, note 2."
3,PERSONNES,SMPA-AB-03,SMPA-AB-03_rs_0413 SMPA-AB-03_rs_0414,"Blondeau ou Blondel (Jean), de Machault, Saint-Magloire, tome III, acte 49, note 8. || Blondeau ou Blondel (Simon), hôte de Saint-Magloire à Villiers, Symon Blondiau , Saint-Magloire, tome III, acte 64 note 2 , note 8."
3,PERSONNES,SMPA-AB-03,SMPA-AB-03_rs_0456 SMPA-AB-03_rs_0457,"Boisseau (Jehan), Saint-Magloire, tome III, acte 346. || Boisseau (Jehan), sergent de Saint-Magloire, Saint-Magloire, tome III, acte 360."
3,PERSONNES,HDPAR-HD,HDPAR-HD_rs_0914 HDPAR-HD_rs_0915,"Boucelli (Jacobus) . || Boucelli (Jacobus), C 479."
3,PERSONNES,SMPA-AB-03,SMPA-AB-03_rs_0591 SMPA-AB-03_rs_0594 SMPA-AB-03_rs_0595,"Bretagne, Bretaigne || Bretagne (Jean IV, duc de), comte de Montfort, Jehan de Bretaingne, conte de Monffort, conte de Montfort, syrez de Rays et conte de Richemont, Saint-M || Bretagne (Jean V, duc de), Saint-Magloire, tome III, acte 327, note 1 ."
3,PERSONNES,SMPA-AB-03,SMPA-AB-03_rs_0599 SMPA-AB-03_rs_0600,"Breton (Guillaume le), chanoine de Saint-Marcel, Saint-Magloire, tome III, acte 33, note 3. || Breton (Guillaume le), Saint-Magloire, tome III, acte 167, Saint-Magloire, tome III, acte 168, Saint-Magloire, tome III, acte 200."
3,PERSONNES,NDVC-AB,NDVC-AB_rs_0844 NDVC-AB_rs_0846,"Busco, Herbertus de, p.. || Busco, Herbertus de, p., Vaux-de-Cernay, acte 24."
3,PERSONNES,NDVC-AB,NDVC-AB_rs_0845 NDVC-AB_rs_0847,"Busco, (Hugo de), p., Vaux-de-Cernay, acte 24. || Busco, (Hugo de), p., Vaux-de-Cernay, acte 26."
3,PERSONNES,HDPAR-HD,HDPAR-HD_rs_1156 HDPAR-HD_rs_1157,Castelleto (Hubertus de) . || Castelleto (Hubertus de) .
3,PERSONNES,SMPA-AB-03,SMPA-AB-03_rs_0774 SMPA-AB-03_rs_0775,"Champs (Adam des), pelletier, Saint-Magloire, tome III, acte 165, Saint-Magloire, tome III, acte 176, Saint-Magloire, tome III, acte 212, note 1; — Gu || Champs (Adam des), clerc de la chambre des comptes, gendre de Jean Rapiout, Saint-Magloire, tome III, acte 272, note 3."
3,PERSONNES,SMPA-AB-03,SMPA-AB-03_rs_0794 SMPA-AB-03_rs_0795,"Chantecler (famille), de Morsang-sur-Orge , Saint-Magloire, tome III, acte 152 note, note 1 . || Chantecler (Jean Ier), fermier de Saint-Magloire , Saint-Magloire, tome III, acte 152 note , note 1, note 2, note 2, note 1, note 7, Saint-Magloire, t"
3,PERSONNES,SMPA-AB-03,SMPA-AB-03_rs_0796 SMPA-AB-03_rs_0798,"Chantecler (Jeannin) devenu Jean Chantecler le Jeune ou peut-être Jean II, fils du précédent , Saint-Magloire, tome III, acte 152 note 6 note 3, note  || Chantecler (Jeannin), le plus jeune, 3e fils de Jean Ier, Saint-Magloire, tome III, acte 152, note 3."
3,PERSONNES,HDPAR-HD,HDPAR-HD_rs_1249 HDPAR-HD_rs_1250,"Charenton (Petrus de) . || Charenton (Petrus de) . — Seine, arr. Sceaux, chef-lieu de canton."
3,PERSONNES,HDPAR-HD,HDPAR-HD_rs_1534 HDPAR-HD_rs_1535,"Corbolio (Johannes de) . || Corbolio (Johannes de), C 490."
3,PERSONNES,HDPAR-HD,HDPAR-HD_rs_1617 HDPAR-HD_rs_1618,Cruce (Guillelmus de) . || Cruce (Guillelmus de) .
3,PERSONNES,SMPA-AB-03,SMPA-AB-03_rs_1026 SMPA-AB-03_rs_1027,"Compans (Jean de), orfèvre, bourgeois de Paris, Jehan de Compans , Saint-Magloire, tome III, acte 133 , Saint-Magloire, tome III, acte 172 ; — Jeanne, || Compans (Jean de), orfèvre, Saint-Magloire, tome III, acte 266, note 3."
3,PERSONNES,SMPA-AB-03,SMPA-AB-03_rs_1034 SMPA-AB-03_rs_1037,"Condé, aujourd’hui Condé-sur-Vesgre, Yvelines, arr. de Mantes-la-Jolie, cant. de Dourdan || Condé (maître Pierre de), clerc du roi, Saint-Magloire, tome III, acte 56, note 2."
3,PERSONNES,SMPA-AB-03,SMPA-AB-03_rs_1112 SMPA-AB-03_rs_1113,"Courtois (Jean), Saint-Magloire, tome III, acte 56, note 1. || Courtois (Jean), sergent à cheval, Jehan Courtois, Saint-Magloire, tome III, acte 126 ; — Jehanne la Marquize, sa femme ."
3,PERSONNES,SMPA-AB-03,SMPA-AB-03_rs_1166 SMPA-AB-03_rs_1167,"Culdoe (Jean), Saint-Magloire, tome III, acte 130, note 1; — sa femme, fille de Gilles Féret, note 1. || Culdoe (Jean), le jeune, bourgeois de Paris, Jehan Culdoe le joine, Saint-Magloire, tome III, acte 251."
3,PERSONNES,SMPA-AB-03,SMPA-AB-03_rs_1178 SMPA-AB-03_rs_1179,"Dammartin (Jean de), Johannes de Donno Martino , Saint-Magloire, tome III, acte 16 . || Dammartin (Jean de), maître et gouverneur de la confrérie Saint-Jacques, Saint-Magloire, tome III, acte 157, note 1."
3,PERSONNES,SMPA-AB-03,SMPA-AB-03_rs_1244 SMPA-AB-03_rs_1245,"Dormans (Guillaume de), avocat au Parlement, conseiller de Saint-Magloire, chancelier de France, Guillelmus de Dormano , Saint-Magloire, tome III, act || Dormans (Guillaume de), archevêque de Sens"
3,PERSONNES,SAPC-AB,SAPC-AB_rs_0290 SAPC-AB_rs_0292,"Droco: Saint-Antoine-des-Champs, acte 10, Saint-Antoine-des-Champs, acte 39; v. Agnes de Cresunessart, mater ejus. || Droco: Saint-Antoine-des-Champs, acte 360; v. Isabellis, domina Belli Montis, mater ejus."
3,PERSONNES,SMPA-AB-03,SMPA-AB-03_rs_1260 SMPA-AB-03_rs_1261,"Drouart (Vincent), Saint-Magloire, tome III, acte 73. || Drouart (Vincent), Saint-Magloire, tome III, acte 170, n. dors., Saint-Magloire, tome III, acte 202, n. dors."
3,PERSONNES,SAPC-AB,SAPC-AB_rs_0302 SAPC-AB_rs_0303,"Edelina: Saint-Antoine-des-Champs, acte 213; v. Gerinus, cognatus ejus. || Edelina: Saint-Antoine-des-Champs, acte 21; v. Petrus Thiboldus, maritus ejus."
3,PERSONNES,SAPC-AB,SAPC-AB_rs_0313 SAPC-AB_rs_0314 SAPC-AB_rs_0315 SAPC-AB_rs_0316 SAPC-AB_rs_0318,"Emelina: Saint-Antoine-des-Champs, acte 76, Saint-Antoine-des-Champs, acte 77; v. Aalermus Hecelini, maritus ejus. || Emelina: Saint-Antoine-des-Champs, acte 274; v. Galcherus de Atrio, maritus ejus. || Emelina: Saint-Antoine-des-Champs, acte 372; v. Guillelmus de Ulmo, maritus ejus. || Emelina: Saint-Antoine-des-Champs, acte 75; v. Jobertus Tortus, maritus ejus. || Emelina: Saint-Antoine-des-Champs, acte 302; v. Hemericus Tute, maritus ejus."
3,PERSONNES,SMPA-AB-03,SMPA-AB-03_rs_1338 SMPA-AB-03_rs_1339,"Essarts (Pierre des), frère d’Antoine des Essarts, prévôt de Paris, Saint-Magloire, tome III, acte 363, note, Saint-Magloire, tome III, acte 373. || Essarts (Pierre des), chapelain du château royal et garde du scel de la prévôté de Melun, Pierre des Essars, Saint-Magloire, tome III, acte 63, Saint-"
3,PERSONNES,SAPC-AB,SAPC-AB_rs_0338 SAPC-AB_rs_0339,"Eva: Saint-Antoine-des-Champs, acte 365 ; v. Ricaudis dou Perier, mater ejus, Droco de Chars in Vulcasino, maritus ejus. || Eva: Saint-Antoine-des-Champs, acte 209; v. Garnerus de Monteigni, maritus ejus."
3,PERSONNES,SMPA-AB-03,SMPA-AB-03_rs_1364 SMPA-AB-03_rs_1365,"Évrart (Jean), receveur du comté de Montfort, Saint-Magloire, tome III, acte 71, note. || Évrart (Jean), boucher de Saint-Marcel, Saint-Magloire, tome III, acte 153, note 7"
3,PERSONNES,HDPAR-HD,HDPAR-HD_rs_1920 HDPAR-HD_rs_1921 HDPAR-HD_rs_1922,Faber (Johannes) . || Faber (Johannes) . || Faber (Johannes) .
3,PERSONNES,SMPA-AB-03,SMPA-AB-03_rs_1419 SMPA-AB-03_rs_1424 SMPA-AB-03_rs_1426,"Fèvre (messire Jean le), prêtre, chapelain de la chapelle Saint-Didier de l’église Saint-Josse, Jehan Le Fevre, Saint-Magloire, tome III, acte 175. || Fèvre (maître Pierre le), conseiller au Parlement , Saint-Magloire, tome III, acte 353 note 3 . || Fèvre (maître Robert le), prêtre, chanoine du Saint-Sépulcre, Saint-Magloire, tome III, acte 132 ; — Fevre (Guillaume le), son frère ."
3,PERSONNES,SMPA-AB-03,SMPA-AB-03_rs_1415 SMPA-AB-03_rs_1416,"Fevre (Guillaume le), d’Issy, Saint-Magloire, tome III, acte 14. || Fevre (Guillaume le), Guillelmus Fabri, sergent à cheval du Châtelet, Saint-Magloire, tome III, acte 270, Saint-Magloire, tome III, acte 307."
3,PERSONNES,SMPA-AB-03,SMPA-AB-03_rs_1417 SMPA-AB-03_rs_1418,"Fèvre (Guillaume le), épicier, bourgeois de Paris , Saint-Magloire, tome III, acte 124 , Saint-Magloire, tome III, acte 127, note 1, Saint-Magloire, t || Fèvre (Guillaume le), poissonnier de mer, bourgeois de Paris , Saint-Magloire, tome III, acte 207 ."
3,PERSONNES,SMPA-AB-03,SMPA-AB-03_rs_1421 SMPA-AB-03_rs_1422,"Fèvre (Mathieu le), boucher de Sainte-Geneviève, Saint-Magloire, tome III, acte 153. || Fèvre (Mathieu le), maréchal, Mahy le Fevre , Saint-Magloire, tome III, acte 207, Saint-Magloire, tome III, acte 209 ; — Marie, sa femme ."
3,PERSONNES,SMPA-AB-03,SMPA-AB-03_rs_1479 SMPA-AB-03_rs_1480,"Fontenay, auj. Fontenay-sous-Bois, Valde Marne, arr. de Sceaux, cant. de Vincennes || Fontenay (maître Jean de), notaire au Châtelet, J. de Fontenay, Saint-Magloire, tome III, acte 238, Saint-Magloire, tome III, acte 240, Saint-Magloire"
3,PERSONNES,SMPA-AB-03,SMPA-AB-03_rs_1511 SMPA-AB-03_rs_1513,"Fournier, Fornier (Colin le) , Saint-Magloire, tome III, acte 31 . || Fournier (Jean, Jehan le), dit Nez Véreux, Saint-Magloire, tome III, acte 273, note 1."
3,PERSONNES,SMPO-AB,SMPO-AB_rs_0471 SMPO-AB_rs_0472,Galon de Chaumont . || Galon de Chaumont .
3,PERSONNES,HDPAR-HD,HDPAR-HD_rs_2142 HDPAR-HD_rs_2143 HDPAR-HD_rs_2144,Galterus Anglicus . || Galterus Anglicus . || Galterus Anglicus .
3,PERSONNES,HDPAR-HD,HDPAR-HD_rs_2270 HDPAR-HD_rs_2271,Gaufridus de Vere Magno . || Gaufridus de Vere Magno .
3,PERSONNES,SMPO-AB,SMPO-AB_rs_0542 SMPO-AB_rs_0543,Gautier de Cléry . || Gautier de Cléry .
3,PERSONNES,HDPAR-HD,HDPAR-HD_rs_2568 HDPAR-HD_rs_2569,Guido de Petra Lata . || Guido de Petra Lata .
3,PERSONNES,HDPAR-HD,HDPAR-HD_rs_2593 HDPAR-HD_rs_2594,Guillelmus . || Guillelmus .
3,PERSONNES,HDPAR-HD,HDPAR-HD_rs_2596 HDPAR-HD_rs_2597,"Guillelmus, archidiaconus in ecclesia Parisiensi . || Guillelmus, archidiaconus in ecclesia Parisiensi ."
3,PERSONNES,HDPAR-HD,HDPAR-HD_rs_2607 HDPAR-HD_rs_2608,"Guillelmus, episcopus Parisiensis . || Guillelmus, episcopus Parisiensis ."
3,PERSONNES,HDPAR-HD,HDPAR-HD_rs_2671 HDPAR-HD_rs_2672,Guillelmus de Cruce . || Guillelmus de Cruce .
3,PERSONNES,HDPAR-HD,HDPAR-HD_rs_2707 HDPAR-HD_rs_2708,"Guillelmus de Vere Magno, miles . || Guillelmus de Vere Magno, miles ."
3,PERSONNES,HDPAR-HD,HDPAR-HD_rs_2713 HDPAR-HD_rs_2714,Guillelmus de Viriaco . || Guillelmus de Viriaco .
3,PERSONNES,HDPAR-HD,HDPAR-HD_rs_2758 HDPAR-HD_rs_2759,Guillelmus Scotus . || Guillelmus Scotus .
3,PERSONNES,SAPC-AB,SAPC-AB_rs_0424 SAPC-AB_rs_0425 SAPC-AB_rs_0426,"Gila: Saint-Antoine-des-Champs, acte 214; v. Adam de Mota, maritus ejus. || Gila: Saint-Antoine-des-Champs, acte 93; v. Focaudus de Bri, maritus ejus. || Gila: Saint-Antoine-des-Champs, acte 311, Saint-Antoine-des-Champs, acte 312; v. Simon de Gleseria, maritus ejus."
3,PERSONNES,SMPA-AB-03,SMPA-AB-03_rs_1679 SMPA-AB-03_rs_1680,"Gormont (Guillaume), sellier, Saint-Magloire, tome III, acte 47. || Gormont (Guillaume), prévôt de Paris, Saint-Magloire, tome III, acte 34, Saint-Magloire, tome III, acte 45, Saint-Magloire, tome III, acte 47, Saint-M"
3,PERSONNES,SMPA-AB-03,SMPA-AB-03_rs_1785 SMPA-AB-03_rs_1786,"Guillaume, curé d’Hermeray, Guillelmus, Saint-Magloire, tome III, acte 102. || Guillaume (maître Oudard), notaire au Châtelet, Oudart Guillaume, Saint-Magloire, tome III, acte 109, note 1, Saint-Magloire, tome III, acte 126, n. d"
3,PERSONNES,NDVC-AB,NDVC-AB_rs_2049 NDVC-AB_rs_2106,"Guillelmus, p., Vaux-de-Cernay, acte 82. || Guillelmus, t.ii, p., Vaux-de-Cernay, acte 27."
3,PERSONNES,SAPC-AB,SAPC-AB_rs_0467 SAPC-AB_rs_0468 SAPC-AB_rs_0469,"Guillelmus: Saint-Antoine-des-Champs, acte 331, Saint-Antoine-des-Champs, acte 311, Saint-Antoine-des-Champs, acte 305; v.v. Guillelmus de Gleseria, p || Guillelmus: Saint-Antoine-des-Champs, acte 274; v.v. Simon de Venabulis, pater ejus. || Guillelmus: Saint-Antoine-des-Champs, acte 92; v. Stephanus Beroudus, pater ejus, Ada, mater ejus, Petrus et Stephanus, fratres ejus."
3,PERSONNES,HDPAR-HD,HDPAR-HD_rs_2796 HDPAR-HD_rs_2797,"Hamericus, archidiaconus in ecclesia Parisiensi . || Hamericus, archidiaconus in ecclesia Parisiensi ."
3,PERSONNES,SMPO-AB,SMPO-AB_rs_0844 SMPO-AB_rs_0845,Henri Deliés . || Henri Deliés .
3,PERSONNES,HDPAR-HD,HDPAR-HD_rs_2929 HDPAR-HD_rs_2930,Henricus de Sancto Marcello . || Henricus de Sancto Marcello .
3,PERSONNES,HDPAR-HD,HDPAR-HD_rs_3071 HDPAR-HD_rs_3072,Hubertus de Castelleto . || Hubertus de Castelleto .
3,PERSONNES,SAPC-AB,SAPC-AB_rs_0578 SAPC-AB_rs_0580,"Isabelle: Saint-Antoine-des-Champs, acte 176; v. Guillelmus de Ulmeia, maritus ejus. || Isabelle: Saint-Antoine-des-Champs, acte 332; v. Alardus, maritus ejus."
3,PERSONNES,SAPC-AB,SAPC-AB_rs_0581 SAPC-AB_rs_0582 SAPC-AB_rs_0583,"Isabellis: Saint-Antoine-des-Champs, acte 113, Saint-Antoine-des-Champs, acte 140, Saint-Antoine-des-Champs, acte 306, Saint-Antoine-des-Champs, acte  || Isabellis: Saint-Antoine-des-Champs, acte 332; v. Milo de Jahenneyo, maritus ejus. || Isabellis: Saint-Antoine-des-Champs, acte 140; v. Renaudus de Vallibus, pater ejus, Guillermus de Septem Fontibus, maritus ejus."
3,PERSONNES,HDPAR-HD,HDPAR-HD_rs_3233 HDPAR-HD_rs_3234,"Jacobus Boucelli . || Jacobus Boucelli, C 479."
3,PERSONNES,SAPC-AB,SAPC-AB_rs_0593 SAPC-AB_rs_0594,"Jaquelina: Saint-Antoine-des-Champs, acte 293; v. Radulphus Arcuarius, maritus ejus. || Jaquelina: Saint-Antoine-des-Champs, acte 96, Saint-Antoine-des-Champs, acte 162; v.v. Radulphus de Nemore, maritus ejusGuido, filius eorum."
3,PERSONNES,SMPA-AB-03,SMPA-AB-03_rs_1964 SMPA-AB-03_rs_1965,"Jean, seigneur de Versailles, Saint-Magloire, tome III, acte 310 ; — Gilon, son fils . || Jean, abbé d’Ivry, Saint-Magloire, tome III, acte 71."
3,PERSONNES,SMPO-AB,SMPO-AB_rs_1079 SMPO-AB_rs_1080,Jean Valet . || Jean Valet .
3,PERSONNES,SAPC-AB,SAPC-AB_rs_0601 SAPC-AB_rs_0602 SAPC-AB_rs_0604,"Johanna: Saint-Antoine-des-Champs, acte 306. || Johanna: Saint-Antoine-des-Champs, acte 346; v. Philipus de Monsterolio, maritus ejus. || Johanna: Saint-Antoine-des-Champs, acte 79; v. Rogerus de Camera, maritus ejus."
3,PERSONNES,SAPC-AB,SAPC-AB_rs_0609 SAPC-AB_rs_0610 SAPC-AB_rs_0611 SAPC-AB_rs_0612 SAPC-AB_rs_0613 SAPC-AB_rs_0614 SAPC-AB_rs_0616 SAPC-AB_rs_0619,"Johannes: Saint-Antoine-des-Champs, acte 278; v. Ascelina, mater ejus. || Johannes: Saint-Antoine-des-Champs, acte 207; v. Bochardus de Monmorenciaco et Matheus, fratres ejus. || Johannes: Saint-Antoine-des-Champs, acte 249; v. Guido de Gallanda, Guillermus, Ansellus, fratres ejus. || Johannes: Saint-Antoine-des-Champs, acte 322, Saint-Antoine-des-Champs, acte 329, Saint-Antoine-des-Champs, acte 343; v. Guillelmus de Gleseria, pater || Johannes: Saint-Antoine-des-Champs, acte 367; v. Hugo de Lineriis, pater ejus. || Johannes: Saint-Antoine-des-Champs, acte 336; v. Johannes de Nemore, frater ejus. || Johannes: Saint-Antoine-des-Champs, acte 145; v. Philippus de Lices, frater ejus. || Johannes: Saint-Antoine-des-Champs, acte 229; v. Stephanus de Sacro Cesaris, pater ejus."
3,PERSONNES,HDPAR-HD,HDPAR-HD_rs_3473 HDPAR-HD_rs_3474,"Johannes de Corbolio . || Johannes de Corbolio, C 490."
3,PERSONNES,HDPAR-HD,HDPAR-HD_rs_3571 HDPAR-HD_rs_3572 HDPAR-HD_rs_3573,Johannes Faber . || Johannes Faber . || Johannes Faber .
3,PERSONNES,HDPAR-HD,HDPAR-HD_rs_3593 HDPAR-HD_rs_3594,Johannes Lecot . || Johannes Lecot .
3,PERSONNES,HDPAR-HD,HDPAR-HD_rs_3603 HDPAR-HD_rs_3604,Johannes Major . || Johannes Major .
3,PERSONNES,HDPAR-HD,HDPAR-HD_rs_3614 HDPAR-HD_rs_3615,"Johannes Normannus , C 488. || Johannes Normannus ."
3,PERSONNES,SAPC-AB,SAPC-AB_rs_0668 SAPC-AB_rs_0669,"Juliana: Saint-Antoine-des-Champs, acte 126; v. Bernardus, maritus ejus. || Juliana: Saint-Antoine-des-Champs, acte 311; v. Petrus de Campis, maritus ejus."
3,PERSONNES,HDPAR-HD,HDPAR-HD_rs_3757 HDPAR-HD_rs_3758,Lecot (Johannes) . || Lecot (Johannes) .
3,PERSONNES,HDPAR-HD,HDPAR-HD_rs_3921 HDPAR-HD_rs_3922,Major (Johannes) . || Major (Johannes) .
3,PERSONNES,HDPAR-HD,HDPAR-HD_rs_4304 HDPAR-HD_rs_4305,Milo . || Milo .
3,PERSONNES,HDPAR-HD,HDPAR-HD_rs_4429 HDPAR-HD_rs_4430,"Moreto (Stephanus de) . || Moreto (Stephanus de) , C 495. — Moret : Seine-et-Marne, arr. Fontainebleau, chef-lieu de canton."
3,PERSONNES,SMPA-AB-03,SMPA-AB-03_rs_2280 SMPA-AB-03_rs_2281 SMPA-AB-03_rs_2282,"Mareil (Jean de), écuyer, Jehan de Mareul. Johannes de Marolio , Saint-Magloire, tome III, acte 7 , note 3, Saint-Magloire, tome III, acte 17, Saint-M || Mareil (Jean de), seigneur de Mareil, Saint-Magloire, tome III, acte 327, note 3. || Mareil (Jean de), écuyer, Saint-Magloire, tome III, acte 351, note 1. — Voir aussi Bois de Mareil."
3,PERSONNES,SAPC-AB,SAPC-AB_rs_0708 SAPC-AB_rs_0709 SAPC-AB_rs_0711 SAPC-AB_rs_0712,"Margareta: Saint-Antoine-des-Champs, acte 231; v. Aleaumus Serviens, maritus ejus. || Margareta: Saint-Antoine-des-Champs, acte 306, 31 l; v. Guillelmus de Gleseria, pater ejus. || Margareta: Saint-Antoine-des-Champs, acte 306; v. Johannes Viarius, pater ejus. || Margareta: Saint-Antoine-des-Champs, acte 359; v.v. Nicholaus de Valle, maritus ejus."
3,PERSONNES,SAPC-AB,SAPC-AB_rs_0714 SAPC-AB_rs_0715 SAPC-AB_rs_0717 SAPC-AB_rs_0718,"Margarita: Saint-Antoine-des-Champs, acte 193, Saint-Antoine-des-Champs, acte 32; v. Droco de Monte Firmiolo, Adam, Johannes, fratres ejus, Agnes, sor || Margarita: Saint-Antoine-des-Champs, acte 170; v. Hugo de Aties, maritus ejus. || Margarita: Saint-Antoine-des-Champs, acte 32; v. Petrus de Beaumarches, maritus ejus. || Margarita: Saint-Antoine-des-Champs, acte 57, Saint-Antoine-des-Champs, acte 197; v. Symon de Bri, maritus ejus."
3,PERSONNES,SAPC-AB,SAPC-AB_rs_0723 SAPC-AB_rs_0724 SAPC-AB_rs_0725 SAPC-AB_rs_0726 SAPC-AB_rs_0727 SAPC-AB_rs_0728 SAPC-AB_rs_0729 SAPC-AB_rs_0730 SAPC-AB_rs_0731 SAPC-AB_rs_0733 SAPC-AB_rs_0735 SAPC-AB_rs_0737,"Maria: Saint-Antoine-des-Champs, acte 374; v. Alfonsus, comes Augi. || Maria: Saint-Antoine-des-Champs, acte 359, Saint-Antoine-des-Champs, acte 362; v. Baldoynus de Fossis, maritus ejus. || Maria: Saint-Antoine-des-Champs, acte 47; v. Constancia, mater ejus. || Maria: Saint-Antoine-des-Champs, acte 187, Saint-Antoine-des-Champs, acte 254; v. Galterus Ridoe, maritus ejus. || Maria: Saint-Antoine-des-Champs, acte 61; v. Gauffridus Godechaut, maritus ejus. || Maria: Saint-Antoine-des-Champs, acte 132; v. Guillelmus Barbette. || Maria: Saint-Antoine-des-Champs, acte 266; v. Guillelmus de Valle grignosa, maritus ejus. || Maria: Saint-Antoine-des-Champs, acte 366; v. Guillelmus li Oublayers. || Maria: Saint-Antoine-des-Champs, acte 273; v. Jean Defauz, maritus ejus. || Maria: Saint-Antoine-des-Champs, acte 187, Saint-Antoine-des-Champs, acte 209; v. Odo Saeborc, maritus ejus. || Maria: Saint-Antoine-des-Champs, acte 209; v. Richardus Charron, maritus ejus. || Maria: Saint-Antoine-des-Champs, acte 134; v. Robertus mortellerius, filius ejus."
3,PERSONNES,SAPC-AB,SAPC-AB_rs_0753 SAPC-AB_rs_0754,"Matildis: Saint-Antoine-des-Champs, acte 119; v. Ferricus de Escronis, maritus ejus. || Matildis: Saint-Antoine-des-Champs, acte 317; v. Petrus Prepositus de Campaniis, maritus ejus."
3,PERSONNES,SMPA-AB-03,SMPA-AB-03_rs_2353 SMPA-AB-03_rs_2354,"Maugier (Jean), examinateur au Châtelet, Saint-Magloire, tome III, acte 358, note. || Maugier (Jean), notaire au Châtelet, Saint-Magloire, tome III, acte 265."
3,PERSONNES,SMPA-AB-03,SMPA-AB-03_rs_2366 SMPA-AB-03_rs_2367,"May, aujourd’hui May-en-Multien, Seine-et-Marne, arr. de Meaux, cant. de Lizy-sur-Ourcq, Saint-Magloire, tome III, acte 54, note 1. || May (famille de), originaire du Multien, Saint-Magloire, tome III, acte 54 ; — (Denis de), panetier de Charles VI, capitaine du Vivier-en-Brie, note 1"
3,PERSONNES,SMPA-AB-03,SMPA-AB-03_rs_2437 SMPA-AB-03_rs_2438,"Moine (Jean le), tabellion, puis prévôt de Saint-Germain-en-Laye, Jehan le Moine, Saint-Magloire, tome III, acte 178, note 1. || Moine (Jean le), Jehan le Moingne, Saint-Magloire, tome III, acte 338, note 9."
3,PERSONNES,SMPA-AB-03,SMPA-AB-03_rs_2462 SMPA-AB-03_rs_2464,"Montaigu, Aisne, arr. de Laon, cant. de Sissonne, Saint-Magloire, tome III, acte 44, note 1. || Montaigu (maître Gérard de), chanoine de Chartres, Reims, Châlons-sur-Marne, puis de Notre-Dame, avocat du roi au Parlement, conseiller de Saint-Maglo"
3,PERSONNES,SMPA-AB-03,SMPA-AB-03_rs_2465 SMPA-AB-03_rs_2469,"Montaigu (Jean de) ou Jean le Rouge, neveu de Gérard, conseiller, puis président au Parlement , Saint-Magloire, tome III, acte 44, note; — Isabelle la || Montaigu (Jean de), trésorier de France, Saint-Magloire, tome III, acte 356, note."
3,PERSONNES,SMPA-AB-03,SMPA-AB-03_rs_2527 SMPA-AB-03_rs_2528,"Morise (Jean), mégissier à Paris, Saint-Magloire, tome III, acte 152, note 4. || Morise (Jean), de Versailles, Jehan Morise , Saint-Magloire, tome III, acte 237 note 2 ."
3,PERSONNES,SMPA-AB-02,SMPA-AB-02_rs_2159 SMPA-AB-02_rs_2160,"Munier (Guillaume le), Saint-Magloire, tome II, acte 355. || Munier (Guillaume le), Saint-Magloire, tome II, acte 288 ; — son moulin du Pont-aux-Meuniers, Saint-Magloire, tome II, acte 285, Saint-Magloire, tome "
3,PERSONNES,HDPAR-HD,HDPAR-HD_rs_4503 HDPAR-HD_rs_4504,"Nemore (Radulphus de), miles . || Nemore (Radulphus de), miles ."
3,PERSONNES,NDVC-AB,NDVC-AB_rs_3230 NDVC-AB_rs_3294,"Nicholaus, p., Vaux-de-Cernay, acte 13, Vaux-de-Cernay, acte 653. || Nicholaus, t.ii, p. , Vaux-de-Cernay, acte 396."
3,PERSONNES,HDPAR-HD,HDPAR-HD_rs_4607 HDPAR-HD_rs_4608,"Normannus (Johannes) , C 488. || Normannus (Johannes) ."
3,PERSONNES,SAPC-AB,SAPC-AB_rs_0826 SAPC-AB_rs_0827,"Odelina: Saint-Antoine-des-Champs, acte 336; v. Johannes de Nemore, frater ejus. || Odelina: Saint-Antoine-des-Champs, acte 370; v. Robertus, maritus ejus, Adam piscinarius, filius ejus."
3,PERSONNES,SMPA-AB-01,SMPA-AB-01_rs_1675 SMPA-AB-01_rs_1676,"Odo, Saint-Magloire, tome I, acte 16. || Odo, Saint-Magloire, tome I, acte 29."
3,PERSONNES,SAPC-AB,SAPC-AB_rs_0829 SAPC-AB_rs_0830,"Odo: Saint-Antoine-des-Champs, acte 141, Saint-Antoine-des-Champs, acte 144; v. Ferricus Briart, pater ejus. || Odo: Saint-Antoine-des-Champs, acte 248; v. Johannes de Semevilla, frater ejus."
3,PERSONNES,HDPAR-HD,HDPAR-HD_rs_4682 HDPAR-HD_rs_4683,"Odo, archidiaconus in ecclesia Parisiensi . || Odo, archidiaconus in ecclesia Parisiensi ."
3,PERSONNES,HDPAR-HD,HDPAR-HD_rs_4719 HDPAR-HD_rs_4720,"Odo de Vere Magno, miles . || Odo de Vere Magno, miles ."
3,PERSONNES,SMPA-AB-03,SMPA-AB-03_rs_2653 SMPA-AB-03_rs_2654,"Origny (Jehan d’), potier de terre, Saint-Magloire, tome III, acte 251, Saint-Magloire, tome III, acte 308. || Origny (Jehan d’), Saint-Magloire, tome III, acte 346, Saint-Magloire, tome III, acte 347, Saint-Magloire, tome III, acte 348."
3,PERSONNES,HDPAR-HD,HDPAR-HD_rs_5181 HDPAR-HD_rs_5182,"Pelliparius (Richardus) . || Pelliparius (Richardus), C 490."
3,PERSONNES,HDPAR-HD,HDPAR-HD_rs_5191 HDPAR-HD_rs_5192,"Periers (Philippus de) . || Periers (Philippus de), C 473."
3,PERSONNES,HDPAR-HD,HDPAR-HD_rs_5217 HDPAR-HD_rs_5218,"Petra Lata (Guido de) . || Petra Lata (Guido de) . — Pierrelaye : Seine-et-Oise, arr. et cant. Pontoise."
3,PERSONNES,HDPAR-HD,HDPAR-HD_rs_5265 HDPAR-HD_rs_5266,"Petrus, clericus . || Petrus, clericus ."
3,PERSONNES,HDPAR-HD,HDPAR-HD_rs_5341 HDPAR-HD_rs_5342,Petrus de Charenton . || Petrus de Charenton .
3,PERSONNES,HDPAR-HD,HDPAR-HD_rs_5495 HDPAR-HD_rs_5496,"Philippus de Periers . || Philippus de Periers, C 473."
3,PERSONNES,SMPA-AB-03,SMPA-AB-03_rs_2752 SMPA-AB-03_rs_2753 SMPA-AB-03_rs_2754,"Paris (Jean de), boursier, parent d’Henri de Paris (?) , Saint-Magloire, tome III, acte 123, note 3. || Paris (Jean de), prieur des Blancs-Manteaux, Saint-Magloire, tome III, acte 44, note. || Paris (Jean de), procureur de Haute-Bruyère, Saint-Magloire, tome III, acte 34, note 1."
3,PERSONNES,SAPC-AB,SAPC-AB_rs_0865 SAPC-AB_rs_0866 SAPC-AB_rs_0867 SAPC-AB_rs_0868 SAPC-AB_rs_0871,"Petronilla: Saint-Antoine-des-Champs, acte 276. || Petronilla: Saint-Antoine-des-Champs, acte 54; v. Ansellus de Granchia, maritus ejus. || Petronilla: Saint-Antoine-des-Champs, acte 3; v. Henricus de Vitriaco, maritus ejus. || Petronilla: Saint-Antoine-des-Champs, acte 101; v. Hervis Poquet, maritus ejus. || Petronilla: Saint-Antoine-des-Champs, acte 206; v. Rogerus de Mosterolo, filius ejus."
3,PERSONNES,SAPC-AB,SAPC-AB_rs_0878 SAPC-AB_rs_0879 SAPC-AB_rs_0880,"Petrus: Saint-Antoine-des-Champs, acte 18; v. Johannes Aurelianensis, sororius ejus. || Petrus: Saint-Antoine-des-Champs, acte 85; v. Philippus de Lices, frater ejus. || Petrus: Saint-Antoine-des-Champs, acte 92; v. Stephanus Beroudus, pater ejus, Ada, mater ejus, Stephanus et Guillelmus, fratres ejus."
3,PERSONNES,SMPA-AB-03,SMPA-AB-03_rs_2887 SMPA-AB-03_rs_2889,"Pizdoe (Guillaume), écuyer de Philippe le Long, Guillaume Pizdoe, l’écuyer , Saint-Magloire, tome III, acte 49 note 1 ; — Jeanne, sa veuve, note 1. || Pizdoe (Guillaume), possesseur d’un jardin à Charonne, Saint-Magloire, tome III, acte 193 ; — Jehanne, sa veuve ."
3,PERSONNES,NDVC-AB,NDVC-AB_rs_3665 NDVC-AB_rs_3670,"Ponte (Johannes de), t.ii, p., Vaux-de-Cernay, acte 29 . || Ponte (Johannes de) t.ii, p., Vaux-de-Cernay, acte 24."
3,PERSONNES,SMPA-AB-03,SMPA-AB-03_rs_3025 SMPA-AB-03_rs_3026,"Preux (André le), commissaire au Châtelet, Andry le Preu , Saint-Magloire, tome III, acte 246 . || Preux (André le), notaire au Châtelet , Saint-Magloire, tome III, acte 363 , Saint-Magloire, tome III, acte 373."
3,PERSONNES,SMPA-AB-03,SMPA-AB-03_rs_3029 SMPA-AB-03_rs_3031,"Prevost, Saint-Magloire, tome III, acte 184. || Prevost (maître Pierre), official de Paris, Saint-Magloire, tome III, acte 123, note."
3,PERSONNES,HDPAR-HD,HDPAR-HD_rs_5740 HDPAR-HD_rs_5741,Radulphus de Compendio . || Radulphus de Compendio .
3,PERSONNES,HDPAR-HD,HDPAR-HD_rs_5746 HDPAR-HD_rs_5747,"Radulphus de Nemore, miles . || Radulphus de Nemore, miles ."
3,PERSONNES,SMPO-AB,SMPO-AB_rs_1298 SMPO-AB_rs_1299,"Raoul, prieur . || Raoul, prieur ."
3,PERSONNES,NDVC-AB,NDVC-AB_rs_3843 NDVC-AB_rs_3847,"Reginaldus, decanus Sancti Marcelli. || Reginaldus, decanus Sancti Marcelli, p., Vaux-de-Cernay, acte 19, Vaux-de-Cernay, acte 57, Vaux-de-Cernay, acte 67 , Vaux-de-Cernay, acte 89, Vaux-de-"
3,PERSONNES,HDPAR-HD,HDPAR-HD_rs_5915 HDPAR-HD_rs_5916,"Richardus Pelliparius . || Richardus Pelliparius, C 490."
3,PERSONNES,SAPC-AB,SAPC-AB_rs_0988 SAPC-AB_rs_0989,"Richeudis: Saint-Antoine-des-Champs, acte 212; v. Robertus Erardi, frater ejus, Ernulphus Brandart, maritus ejus, Johannes, filius ejus, Ysabellis, fi || Richeudis: Saint-Antoine-des-Champs, acte 212, Saint-Antoine-des-Champs, acte 264 ; v. Galterus de Villariis, maritus ejus."
3,PERSONNES,HDPAR-HD,HDPAR-HD_rs_5943 HDPAR-HD_rs_5944,"Robertus, abbas Sancti Victoris . || Robertus, abbas Sancti Victoris ."
3,PERSONNES,SMPA-AB-01,SMPA-AB-01_rs_2095 SMPA-AB-01_rs_2096,"Rotbertus, monachus [Sancti Maglorii], Saint-Magloire, tome I, acte 34. || Rotbertus, monachus [Sancti Maglorii], Saint-Magloire, tome I, acte 16."
3,PERSONNES,SAPC-AB,SAPC-AB_rs_0997 SAPC-AB_rs_0998,"Robertus: Saint-Antoine-des-Champs, acte 52, Saint-Antoine-des-Champs, acte 84, Saint-Antoine-des-Champs, acte 182, Saint-Antoine-des-Champs, acte 195 || Robertus: Saint-Antoine-des-Champs, acte 370; v. Odelina, uxor ejus."
3,PERSONNES,SMPA-AB-03,SMPA-AB-03_rs_3209 SMPA-AB-03_rs_3210 SMPA-AB-03_rs_3211 SMPA-AB-03_rs_3212,"Rozay (Jean de), prévôt, puis abbé de Saint-Magloire, Jehan, Jehans de Rosay ou Rosoy, Saint-Magloire, tome III, acte 1, note 4, note 5, Saint-Magloir || Rozay (Jean de), familier et peut-être parent de l’abbé Jean de Rozay, prieur de Sainte-Croix de Briis, puis de Saint-Julien de Versailles, chambrier  || Rozay (Jean de), prieur de Chalifert, probablement neveu du précédent, Johannes de Roseto , Saint-Magloire, tome III, acte 255. || Rozay (Jean de), l’aîné, bourgeois de Paris, Jehan de Rosay, Saint-Magloire, tome III, acte 57, Saint-Magloire, tome III, acte 186, note 1; — Jeanne, "
3,PERSONNES,SMPA-AB-03,SMPA-AB-03_rs_3261 SMPA-AB-03_rs_3263,"Saint-Benoît (Jacques de), bourgeois de Paris, Jacques de Saint-Benoît , Saint-Magloire, tome III, acte 133 , Saint-Magloire, tome III, acte 172 ; — ( || Saint-Benoît (Jacques de), Saint-Magloire, tome III, acte 272, note 1."
3,PERSONNES,SMPA-AB-03,SMPA-AB-03_rs_3268 SMPA-AB-03_rs_3269,"Saint-Benoît (Simon de), drapier, bourgeois de Paris, Simon de Saint Benoist, Symon de Saint Beneoit, Symon de Saint Benoît , Saint-Magloire, tome III || Saint-Benoît (Simon de), curateur des petits-enfants de Jean Rigaut, seigneur de Versailles, Saint-Magloire, tome III, acte 75, note."
3,PERSONNES,HDPAR-HD,HDPAR-HD_rs_6254 HDPAR-HD_rs_6255,Sancto Marcello (Henricus de) . || Sancto Marcello (Henricus de) .
3,PERSONNES,HDPAR-HD,HDPAR-HD_rs_6345 HDPAR-HD_rs_6346,Scotus (Guillelmus) . || Scotus (Guillelmus) .
3,PERSONNES,HDPAR-HD,HDPAR-HD_rs_6473 HDPAR-HD_rs_6474,"Stephanus, archidiaconus in ecclesia Parisiensi , C 476. || Stephanus, archidiaconus in ecclesia Parisiensi ."
3,PERSONNES,HDPAR-HD,HDPAR-HD_rs_6508 HDPAR-HD_rs_6509,"Stephanus de Moreto . || Stephanus de Moreto , C 495."
3,PERSONNES,SMPA-AB-03,SMPA-AB-03_rs_3335 SMPA-AB-03_rs_3340,"Saint-Laurent (chaussée), aujourd’hui rue du faubourg Saint-Martin, Paris, 10e arr., chaucee ou chausee de Saint Laurens, Saint Lorens, Saint-Magloire || Saint-Laurent (maître Geoffroy de), bourgeois de Paris, conseiller de Saint-Magloire, Saint-Magloire, tome III, acte 109, note 2, Saint-Magloire, tome"
3,PERSONNES,SMPA-AB-03,SMPA-AB-03_rs_3341 SMPA-AB-03_rs_3342,"Saint-Laurent (Jean de), orfèvre, Saint-Magloire, tome III, acte 255, note 7. || Saint-Laurent (Jean de), moine, pitancier, cenier de Saint-Magloire, prieur de Montfort-l’Amaury, administrateur de l’abbaye pendant la vacance du siè"
3,PERSONNES,NDVC-AB,NDVC-AB_rs_4062 NDVC-AB_rs_4100,"Sancto, (Johannes de), p., Vaux-de-Cernay, acte 31. || Sancto, (Johannes de), p., Vaux-de-Cernay, acte 275."
3,PERSONNES,NDVC-AB,NDVC-AB_rs_4077 NDVC-AB_rs_4083,"Sancto, (Petrus de), p., Vaux-de-Cernay, acte 102 . || Sancto, (Petrus de), p., Vaux-de-Cernay, acte 365, Vaux-de-Cernay, acte 470 , Vaux-de-Cernay, acte 484, Vaux-de-Cernay, acte 491 ."
3,PERSONNES,NDVC-AB,NDVC-AB_rs_4073 NDVC-AB_rs_4078,"Sancto, (Robertus de), p., Vaux-de-Cernay, acte 474. || Sancto, (Robertus de), p., Vaux-de-Cernay, acte 99 ."
3,PERSONNES,NDVC-AB,NDVC-AB_rs_4129 NDVC-AB_rs_4130,"Sarnaio, (Odo de), p., Vaux-de-Cernay, acte 37. || Sarnaio, (Odo de), p., Vaux-de-Cernay, acte 206 ; t.ii, p. Vaux-de-Cernay, acte 24."
3,PERSONNES,SMPA-AB-03,SMPA-AB-03_rs_3485 SMPA-AB-03_rs_3486,"Sauvage (Jean), bailli de Montfort-l’Amaury, Jehan Sauvaige, Saint-Magloire, tome III, acte 374. || Sauvage (Jean), tabellion de la prévôté de Saint-Germain, Saint-Magloire, tome III, acte 178, note 1."
3,PERSONNES,SAPC-AB,SAPC-AB_rs_1095 SAPC-AB_rs_1096,"Sedilia: Saint-Antoine-des-Champs, acte 270, Saint-Antoine-des-Champs, acte 277; v. Johannes Harpin, maritus ejus. || Sedilia: Saint-Antoine-des-Champs, acte 265; v. Guillelmus de Roseto, maritus ejus."
3,PERSONNES,NDVC-AB,NDVC-AB_rs_4222 NDVC-AB_rs_4223,"Soisiaco, (Guido de), p., Vaux-de-Cernay, acte 29. || Soisiaco, (Guido de), p., Vaux-de-Cernay, acte 393."
3,PERSONNES,SAPC-AB,SAPC-AB_rs_1128 SAPC-AB_rs_1129,"Stephanus: Saint-Antoine-des-Champs, acte 51; v. Philippus de Sancto Paulo, frater ejus. || Stephanus: Saint-Antoine-des-Champs, acte 244; v. Stephanus de Sacro Cesaris, pater ejus."
3,PERSONNES,SMPA-EG,SMPA-EG_rs_2170 SMPA-EG_rs_2169,"Temple. || Temple, Saint-Merry de Paris, acte 9 ."
3,PERSONNES,SMPA-AB-03,SMPA-AB-03_rs_3618 SMPA-AB-03_rs_3619,"Testart (Jehan), boucher, Saint-Magloire, tome III, acte 284. || Testart (Jehan), notaire au Châtelet , Saint-Magloire, tome III, acte 87 ."
3,PERSONNES,SMPO-AB,SMPO-AB_rs_1549 SMPO-AB_rs_1550,Thierry de Montmorency . || Thierry de Montmorency .
3,PERSONNES,SMPA-AB-03,SMPA-AB-03_rs_3710 SMPA-AB-03_rs_3711,"Tuillières (Jean de), avocat au Châtelet, maire de Saint-Magloire, Saint-Magloire, tome III, acte 261, note 1. || Tuillières (Jean de), examinateur au Châtelet, Jehan de Tuillieres , Saint-Magloire, tome III, acte 237 , n. dors. ."
3,PERSONNES,SMPA-AB-03,SMPA-AB-03_rs_3764 SMPA-AB-03_rs_3765,"Vaux (Gobert de), gardien de Saint-Magloire, Saint-Magloire, tome III, acte 1 note 1, note 6, Saint-Magloire, tome III, acte 178, note 1 || Vaux (Gobert de), prêtre, garde du Chapuis , Saint-Magloire, tome III, acte 64, note 6."
3,PERSONNES,HDPAR-HD,HDPAR-HD_rs_6920 HDPAR-HD_rs_6921 HDPAR-HD_rs_6922,Vere Magno (Gaufridus de) . || Vere Magno (Gaufridus de) . || Vere Magno (Gaufridus de) .
3,PERSONNES,HDPAR-HD,HDPAR-HD_rs_6924 HDPAR-HD_rs_6925,"Vere Magno (Guillelmus de), miles . || Vere Magno (Guillelmus de), miles ."
3,PERSONNES,HDPAR-HD,HDPAR-HD_rs_6928 HDPAR-HD_rs_6929,"Vere Magno (Odo de), miles . || Vere Magno (Odo de), miles ."
3,PERSONNES,SMPA-AB-01,SMPA-AB-01_rs_2536_5 SMPA-AB-01_rs_2537_3,"Versailles four, Saint-Magloire, tome I, acte 51 || Versailles four, Saint-Magloire, tome I, acte 159"
3,PERSONNES,HDPAR-HD,HDPAR-HD_rs_7002 HDPAR-HD_rs_7003,Villa Nova (Andreas de) . || Villa Nova (Andreas de) .
3,PERSONNES,HDPAR-HD,HDPAR-HD_rs_7062 HDPAR-HD_rs_7063,Viriaco (Guillelmus de) . || Viriaco (Guillelmus de) .
3,PERSONNES,NDPA-EG-04,NDPA-EG-04_rs_7419 NDPA-EG-04_rs_7431,"Viriaco (Robertus de), Notre-Dame de Paris, t. 1, acte 394. || Viriaco (Robertus de). Notre-Dame de Paris, t. 2, acte 557."
3,PERSONNES,SMPA-AB-03,SMPA-AB-03_rs_3896 SMPA-AB-03_rs_3897 SMPA-AB-03_rs_3898,"Voisin (Jean), changeur, bourgeois de Paris, Jehan Voisin l’aisné, Saint-Magloire, tome III, acte 59, Saint-Magloire, tome III, acte 119, note 1, note || Voisin (Jean), fermier du Chapuis demeurant aux Écrennes , Saint-Magloire, tome III, acte 64, note 1 note 1, Saint-Magloire, tome III, acte 149, Saint || Voisin (Jean), des Écrennes, Saint-Magloire, tome III, acte 177, note 2."
3,PERSONNES,SMPA-AB-03,SMPA-AB-03_rs_3917 SMPA-AB-03_rs_3918,"Ymbert, laïc, Ymberto layco, Saint-Magloire, tome III, acte 338, note 1. || Ymbert, notaire au Châtelet, Saint-Magloire, tome III, acte 179."
3,PERSONNES,SAPC-AB,SAPC-AB_rs_1245 SAPC-AB_rs_1246 SAPC-AB_rs_1248 SAPC-AB_rs_1249 SAPC-AB_rs_1250 SAPC-AB_rs_1251,"Ysabellis: Saint-Antoine-des-Champs, acte 306; v. Guillelmus Poletarius. || Ysabellis: Saint-Antoine-des-Champs, acte 299; v. Henricus de Cristolio, maritus ejus. || Ysabellis: Saint-Antoine-des-Champs, acte 306; v. Johannes Viarius, pater ejus. || Ysabellis: Saint-Antoine-des-Champs, acte 145; v. Philippus de Lices, uxor ejus. || Ysabellis: Saint-Antoine-des-Champs, acte 229; v. Richeudis, mater ejus, Johannes, frater ejus. || Ysabellis: Saint-Antoine-des-Champs, acte 28; v. Theoboldus de Gravia."
3,LIEUX,SMPA-AB-03,SMPA-AB-03_rs_0210 SMPA-AB-03_rs_0211,"Bagnolet, Seine, arr. de Saint-Denis, cant. de Pantin, Saint-Magloire, tome III, acte 300 ; — chemin de Charonne à Bagnolet, Saint-Magloire, tome III, || Bagnolet (rue de), Paris, 20e arr., Saint-Magloire, tome III, acte 265, note 2."
3,LIEUX,NDPA-EG-04,NDPA-EG-04_rs_0456 NDPA-EG-04_rs_0533,"Basiliacum. Notre-Dame de Paris, t. 2, acte 164. || Basiliacum. Vide Baliseyum."
3,LIEUX,NDCH-EG,NDCH-EG_rs_0163 NDCH-EG_rs_0164,"Bellus-Mons; Belmontus, Notre-Dame de Chartres, acte 8 . Beaumont, hameau, commune de Chuisnes, canton de Courville; arrondissement de Chartres; chef- || Bellus-Mons, Notre-Dame de Chartres, acte 270 . Beaumont, hameau, aujourd'hui détruit, commune de Cloyes, arrondissement de Châteaudun; chef-lieu d'un"
3,LIEUX,SMPA-AB-03,SMPA-AB-03_rs_0446 SMPA-AB-03_rs_0447,"Bois des coutumes (le), des habitants des Mesnuls et hameaux voisins, Boys des Coustumes, Coustumes , Saint-Magloire, tome III, acte 327 . || Bois des coutumes (le), à Montfort-l’Amaury, plus tard la vente Bizet, puis les Grandes Coutumes et enfin la plaine de Montfort , Saint-Magloire, tome"
3,LIEUX,NDCH-EG,NDCH-EG_rs_0300 NDCH-EG_rs_0301,"Britiniacum; Bretigniacum; Briteniacum; Britigniacum, Notre-Dame de Chartres, acte 33; Notre-Dame de Chartres, acte 385 . Brétigny, moulin, aujourd'hu || Britiniacum, Notre-Dame de Chartres, acte 8 . Brétigny, village, commune de Sours, canton de Chartres-Sud."
3,LIEUX,NDPA-EG-04,NDPA-EG-04_rs_0841 NDPA-EG-04_rs_1060,"Burdineium. Notre-Dame de Paris, t. 1, acte 105. || Burdineium. Vide Bordoniacum."
3,LIEUX,NDPA-EG-04,NDPA-EG-04_rs_1387 NDPA-EG-04_rs_1391,"Castrum Festucæ. Notre-Dame de Paris, t. 3, acte 55, Notre-Dame de Paris, t. 3, acte 369. || Castrum Festucæ. Vide Castellum Festucæ."
3,LIEUX,SMPA-AB-03,SMPA-AB-03_rs_0819 SMPA-AB-03_rs_0820 SMPA-AB-03_rs_0821 SMPA-AB-03_rs_0822 SMPA-AB-03_rs_0825,"Chapuis (Le), ancien hameau de Machault, auj. de Pamfou, Chapuis, Chappuis, Chapuys en Brie, en Brye. || Chapuis (Le), seigneurie de Saint-Magloire , Saint-Magloire, tome III, acte 63, Saint-Magloire, tome III, acte 64 note 1, note 3, et note 1 ; — manoir || Chapuis (Le), fermiers de Saint-Magloire , Saint-Magloire, tome III, acte 166, Saint-Magloire, tome III, acte 177, Saint-Magloire, tome III, acte 220, || Chapuis (Le), fiefs; de Gilles Grange, Saint-Magloire, tome III, acte 63, note 1; de Jean de Machault, Saint-Magloire, tome III, acte 64, note 1; voir || Chapuis (Le), mesure, Saint-Magloire, tome III, acte 354 ; — moulin, Saint-Magloire, tome III, acte 142 ; — poulailler édifié par Jean de Rozay , Sain"
3,LIEUX,SMPA-AB-03,SMPA-AB-03_rs_0846 SMPA-AB-03_rs_0847,"Charonne, Village , Saint-Magloire, tome III, acte 193, Saint-Magloire, tome III, acte 52, note, Saint-Magloire, tome III, acte 265, Saint-Magloire, t || Charonne, Seigneurie de Saint-Magloire, Saint-Magloire, tome III, acte 259; hôtel seigneurial, Saint-Magloire, tome III, acte 227; — mairie, Saint-Mag"
3,LIEUX,SMPA-AB-03,SMPA-AB-03_rs_0934 SMPA-AB-03_rs_0935,"Cheval Rouge (maison du), rue Mondétour Saint-Magloire, tome III, acte 56. || Cheval Rouge (maison du), rue Saint-Denis, Saint-Magloire, tome III, acte 56, note 1 note 1, Saint-Magloire, tome III, acte 59 note 3, Saint-Magloire,"
3,LIEUX,SMPA-AB-03,SMPA-AB-03_rs_0975 SMPA-AB-03_rs_0976,"Clef (maison ou hôtel de la), rue Saint-Denis, ostel de la Clef, Saint-Magloire, tome III, acte 176, Saint-Magloire, tome III, acte 191. || Clef (ostel de la), contigu à l’arrière de la maison de la Rose sise rue aux Ours, Saint-Magloire, tome III, acte 187, Saint-Magloire, tome III, acte "
3,LIEUX,NDCH-EG,NDCH-EG_rs_0985 NDCH-EG_rs_0986,"Hauvilla; Halsvilla, Notre-Dame de Chartres, acte 12 . Hauville, chef-lieu de commune, canton de Routot, arrondissement de Pont-Audemer (Eure). || Hauvilla; Alta-Villa; Houvilla, Notre-Dame de Chartres, acte 90 . Hauville, village, commune de Bailleau-le-Pin, canton d'Illiers, arrondissement de C"
3,LIEUX,NDCH-EG,NDCH-EG_rs_0999 NDCH-EG_rs_1002,"Hervilla; Hervevilla; Herville, Notre-Dame de Chartres, acte 143, Notre-Dame de Chartres, acte 345 . Harville, village, communes de Bailleau-le-Pin, d || Hervilla. Voir Harlevilla."
3,LIEUX,SMPA-AB-03,SMPA-AB-03_rs_1937 SMPA-AB-03_rs_1938 SMPA-AB-03_rs_1939,"Issy, aujourd’hui Issy-les-Moulineaux, Hauts-de-Seine, arr. de Nanterre, Issi, Yssi, Yssy, Yssiacum, Saint-Magloire, tome III, acte 106 chapelle Saint || Issy, seigneurie de Saint-Magloire, Saint-Magloire, tome III, acte 1, Saint-Magloire, tome III, acte 31, Saint-Magloire, tome III, acte 13, Saint-Magl || Issy, seigneurie de Saint-Germain-des-Prés. Saint-Magloire, tome III, acte 1, Saint-Magloire, tome III, acte 10, Saint-Magloire, tome III, acte 11, Sa"
3,LIEUX,NDCH-EG,NDCH-EG_rs_1075 NDCH-EG_rs_1076,"Laudunum; Laudun; Loun, Notre-Dame de Chartres, acte 69; Notre-Dame de Chartres, acte 385, Notre-Dame de Chartres, acte 386 . Laons, chef-lieu de comm || Laudunum, Notre-Dame de Chartres, acte 14, Notre-Dame de Chartres, acte 386; Notre-Dame de Chartres, acte 287. Laon, chef-lieu du département de l'Ais"
3,LIEUX,NDPA-EG-04,NDPA-EG-04_rs_4082 NDPA-EG-04_rs_4086,"Loriacum. Vide Lorriacum. || Loriacum. Notre-Dame de Paris, t. 1, acte 392."
3,LIEUX,SMPA-AB-03,SMPA-AB-03_rs_2176 SMPA-AB-03_rs_2177,"Machault, Seine-et-Marne, arr. de Melun, cant. du Châtelet-en-Brie, [dans son étendue antérieure à 1906, c’est-à-dire avant l’érection de Pamfou en co || Machault, chemins; chemin de Machault à la Fauconnière et à Bailly, Saint-Magloire, tome III, acte 64, note 5 chemin de Machault à Montereau, note 2"
3,LIEUX,NDPA-EG-04,NDPA-EG-04_rs_4240 NDPA-EG-04_rs_4374,"Malliacum. Vide Marliacum. || Malliacum. Notre-Dame de Paris, t. 3, acte 75, Notre-Dame de Paris, t. 3, acte 149."
3,LIEUX,SMPA-AB-03,SMPA-AB-03_rs_2278 SMPA-AB-03_rs_2279,"Mareil, aujourd’hui Mareil-le-Guyon, Yvelines, arr. de Rambouillet, cant. de Montfort-l’Amaury, Mareul, Marolio, Marueil, Marueil soubz Montfort l’Ama || Mareil (chemin de), à Saint-Germain, aujourd’hui rue Sainte-Radegonde, à Saint-Germain-en-Laye, Saint-Magloire, tome III, acte 178, note 3."
3,LIEUX,NDCH-EG,NDCH-EG_rs_1244 NDCH-EG_rs_1246,"Merroliæ; Maerolæ; Mairoliæ; Meroliæ, Notre-Dame de Chartres, acte 71; Notre-Dame de Chartres, acte 214 . Marolles, hameau, commune de Gas, canton de  || Merroliæ, Notre-Dame de Chartres, acte 71. Marolles, hameau, commune de Saint-Laurent-des-Bois, canton de Marchenoir, arrondissement de Blois (Loir-et"
3,LIEUX,NDCH-EG,NDCH-EG_rs_1294 NDCH-EG_rs_1295,"Mondonvilla; Mondovilla; Mundunvilla, Notre-Dame de Chartres, acte 47, Notre-Dame de Chartres, acte 69; Notre-Dame de Chartres, acte 385, Notre-Dame d || Mondonvilla, Notre-Dame de Chartres, acte 355 . Mondonville-Sainte-Barbe, hameau, communes de Moutiers et de Prasville, canton de Voves, arrondissemen"
3,LIEUX,SMPA-AB-03,SMPA-AB-03_rs_2501 SMPA-AB-03_rs_2502 SMPA-AB-03_rs_2503,"Montmartre (fief sous), devenu plus tard le Clos aux Halliers, voir ce terme. || Montmartre (porte de) , Saint-Magloire, tome III, acte 287 note 2, note 4 . || Montmartre (grand chemin de), Saint-Magloire, tome III, acte 287, note 2."
3,LIEUX,SMPA-AB-03,SMPA-AB-03_rs_2529 SMPA-AB-03_rs_2530,"Morsang-sur-Orge, Essonne, arr. d’Evry, cant. de Viry-Châtillon, Morcent, Morsanc, Morsant, Morsent-sur-Ourge, Murcentum, Muttentum, Saint-Magloire, t || Morsang-sur-Orge, Seigneurie de Saint-Magloire, Saint-Magloire, tome III, acte 120 note 2, Saint-Magloire, tome III, acte 229, Saint-Magloire, tome II"
3,LIEUX,HDPAR-HD,HDPAR-HD_rs_4597 HDPAR-HD_rs_4598,"Noisiacum . || Noisiacum . — Noisy-le-Petit : Seine-et-Oise, arr. Corbeil, cant. Boissy-Saint-Léger, comm. Vigneux."
3,LIEUX,SAPC-AB,SAPC-AB_rs_0851 SAPC-AB_rs_0860,"Parisiensis archidiacre: archidiaconus, Saint-Antoine-des-Champs, acte 58, Saint-Antoine-des-Champs, acte 115, Saint-Antoine-des-Champs, acte 153, Sai || Parisiensis rues, quartiers et lieux-dits: Andrui Malet, rue André Malet; Avenaria, Avoinerie, Saint-Antoine-des-Champs, acte 42, Saint-Antoine-des-Ch"
3,LIEUX,SMPA-AB-03,SMPA-AB-03_rs_2902 SMPA-AB-03_rs_2903,"Plat d’Étain ou Plateau d’Étain (maison du), puis du Heaume de Bretagne, rue de Hueleu, Plat d’Estain, Plasteau d’Estaing, Saint-Magloire, tome III, a || Plat d’Étain (maison du), rue aux Ours, Plat d’Estain , Saint-Magloire, tome III, acte 24 note 1 n. dors."
3,LIEUX,SMPA-AB-03,SMPA-AB-03_rs_2982 SMPA-AB-03_rs_2983,"Pot d’Étain (maison du), rue de la Montagne Sainte-Geneviève, Pot d’Estain, Saint-Magloire, tome III, acte 105, Saint-Magloire, tome III, acte 110, Sa || Pot d’Étain (maison du), rue aux Ours, Post d’Estain, Saint-Magloire, tome III, acte 137, n. dors., note 1."
3,LIEUX,SMPA-AB-03,SMPA-AB-03_rs_3078 SMPA-AB-03_rs_3079,"Rambouillet (forêt domaniale de), anciennement forêt d’Yveline, Iveline, Uvelinne, Yveline, Yvelline, Aquilina, Saint-Magloire, tome III, acte 52, not || Rambouillet, gruerie, Saint-Magloire, tome III, acte 248 note 3, Saint-Magloire, tome III, acte 266, note 1"
3,LIEUX,SMPA-AB-03,SMPA-AB-03_rs_3165 SMPA-AB-03_rs_3166,"Rose (maison de la), rue Saint-Denis, maison que l’an souloit dire de la Roze, la Roze Rouge , Saint-Magloire, tome III, acte 140 , n. dors. || Rose (maison de la), rue Troussevache, Saint-Magloire, tome III, acte 141, note 1."
3,LIEUX,SMPA-AB-03,SMPA-AB-03_rs_3273 SMPA-AB-03_rs_3274,"Saint-Blaise (rue), à Charonne, aujourd’hui Paris, 20e arr., Saint-Magloire, tome III, acte 265, note 2. || Saint-Blaise (place), à Charonne, aujourd’hui Paris, 20e arr., Saint-Magloire, tome III, acte 265, note 1."
3,LIEUX,SMPA-AB-03,SMPA-AB-03_rs_3281 SMPA-AB-03_rs_3282 SMPA-AB-03_rs_3283 SMPA-AB-03_rs_3284 SMPA-AB-03_rs_3285 SMPA-AB-03_rs_3287,"Saint-Denis (bastide de), de l’enceinte de Charles V, à Paris, Saint-Magloire, tome III, acte 135, Saint-Magloire, tome III, acte 287, Saint-Magloire, || Saint-Denis (chaussée), aujourd’hui rue du Faubourg Saint-Denis, Paris, 10e arr., chaucee de la grant rue Saint Denis, chaucee de Saint Denis ou Saint || Saint-Denis (ponceau), à la hauteur de la rue du Ponceau, Paris, 2e arr., Saint-Magloire, tome III, acte 59, note 2, Saint-Magloire, tome III, acte 21 || Saint-Denis (porte), ancienne porte de l’enceinte de Philippe-Auguste, dite aussi porte aux Peintres, porte Saint Denis, Saint Denys, premiere porte,  || Saint-Denis (rue), Paris, 1er et 2e arr., grant rue Saint Denis, Saint Denys, rue Saint Denis, Saint Denys, Sainct Denys, Grant rue, magno vico Sancti || Saint-Denis, maisons ou hôtels, Ardoise, Armes (puis Écu de Bourgogne puis Lion d’Or), Château de Pontoise, Chef Saint Louis, Cheval Rouge, Clef, Coq "
3,LIEUX,SMPA-AB-03,SMPA-AB-03_rs_3310 SMPA-AB-03_rs_3312,"Saint-Germain-des-Prés, Paris, 6e arr., Saint Germain de Pres, Saint Germain des Pres, des Prez, Sancti Germani de Pratis, villa Sancti Germani. || Saint-Germain-des-Prés, Bourg Saint-Germain, Saint-Magloire, tome III, acte 1, note 2, note 3"
3,LIEUX,SMPA-AB-03,SMPA-AB-03_rs_3316 SMPA-AB-03_rs_3317,"Saint-Hilaire (église), à Sens, Saint-Magloire, tome III, acte 259, note 2. || Saint-Hilaire (rue), aujourd’hui rue des Carmes, Paris, 5e arr., Saint-Magloire, tome III, acte 44, note."
3,LIEUX,SMPA-AB-03,SMPA-AB-03_rs_3399 SMPA-AB-03_rs_3400 SMPA-AB-03_rs_3401,"Saint-Martin (bastide ou porte), de l’enceinte de Charles V, bastide Saint Martin des Champs, Saint-Magloire, tome III, acte 273, Saint-Magloire, tome || Saint-Martin (chaussée), au-delà de la bastide, aujourd’hui rue du Faubourg Saint-Martin, Paris, 10e arr. , Saint-Magloire, tome III, acte 89 , Saint- || Saint-Martin (porte), de l’enceinte de Philippe Auguste, Saint-Magloire, tome III, acte 206, note 3 , Saint-Magloire, tome III, acte 202 , n. dors., S"
3,LIEUX,SMPA-AB-03,SMPA-AB-03_rs_3818 SMPA-AB-03_rs_3819,"Vieille Pelleterie (rue de la), plus tard rue de la Pelleterie, autrefois dans la Cité, Vielle Peleterye, Vielle Pelleterie, Vielz Peleterie, Viex Pel || Vieille Pelleterie (moulins de la), sur la Seine, Saint-Magloire, tome III, acte 294, Saint-Magloire, tome III, acte 304."
3,LIEUX,SMPA-AB-03,SMPA-AB-03_rs_3846 SMPA-AB-03_rs_3847,"Villemoisson, aujourd’hui Villemoisson-sur-Orge, Essonne, arr. de Palaiseau, cant. de Sainte-Geneviève-des-Bois, Villemoison, Saint-Magloire, tome III || Villemoisson (chemin de), aujourd’hui rue Marceau, Saint-Magloire, tome III, acte 152, note 2."
3,LIEUX,HDPAR-HD,HDPAR-HD_rs_7161 HDPAR-HD_rs_7163,Yvriacum . — Yvri . || Yvriacum .
2,LIEU→PERS,,SSCO-AB_rs_586,"La Norville, La Norville (Seine-et-Oise, canton d'Arpajon), Marguareta de la Norville, vidua"
2,PERS→LIEU,,SAPC-AB_rs_1597,"Rex: (roi, censive ou fief du roi de France)"
2,PERS→LIEU,,SLES-PR_rs_0556,"Déluge (Oise), Gautier du. fils d'Eufémie"
2,PERS→LIEU,,SLES-PR_rs_1322,Ramerupt (Aube). Gui fils de Garnier de
2,PERS→LIEU,,SMPA-AB-01_rs_0741,"Fécamp (abbaye de la Sainte Trinité de), O.S.B., Seine-Maritime, arrondissement du Havre, abbé, abbas Fiscannensis,"
2,PERS→LIEU,,SMPA-AB-01_rs_0974,"Grandchamp (abbaye Notre-Dame de), Prém., Yvelines, arrondissement de Mantes-la-Jolie, canton de Houdan, abbas et conventus Grandis Campi,"
2,PERS→LIEU,,SMPA-AB-01_rs_1120,"Hérivaux (abbaye Notre-Dame d’), Aug., Val d’Oise, arrondissement de Montmorency, abbé, Herivallis abbas,"
2,PERS→LIEU,,SMPA-AB-01_rs_2128,"Saint-Antoine (abbaye de), O.C., aujourd’hui hôpital Saint-Antoine, 12earrondissement de Paris, abbatissa et conventus Sancti Anthonii juxta Parisius, Saint Anthoine,"
2,PERS→LIEU,,SMPA-AB-01_rs_2236,"Saint-Rémy-lés-Chevreuse (?), Yvelines, arrondissement de Rambouillet, canton de Chevreuse, Sanctus Remigius; — presbiter,"
2,PERS→LIEU,,SMPA-AB-01_rs_2520,"Vaux-de-Cernay (abbaye Notre-Dame des), O.C., Yvelines, arrondissement de Rambouillet, canton de Chevreuse, commune de Cernay-la-Ville, Vallium Sarnaii abbas et conventus,"
2,PERS→LIEU,,SMPA-AB-02_rs_0535,Calido Moncello (domina de); sa censive
2,PERS→LIEU,,SMPA-AB-02_rs_1912,"Marcheboe (Nicolas), Nicolaus Marcheboe; sa censive et celle d’Aveline, veuve d’Adam le Roux"
2,PERS→LIEU,,SSCO-AB_rs_901,"Videles (Theobaldus de, presbiter), Videlles (Seine-et-Oise, canton de la Ferté-Alais)"
