article,target,type,nom,statut,entree
SSCO-AB_censier_0003,SSCO-AB_censier_0003,PERS,Dominus Balduinus de Corbolio,NOUVEAU,"— Dominus Balduinus de Corbolio pro domo sua, 2 solidi."
SSCO-AB_censier_0003,SSCO-AB_censier_0003,PERS,Jaie Judeus,NOUVEAU,"— Jaie Judeus pro domo sua, 3 s."
SSCO-AB_censier_0003,SSCO-AB_censier_0003,PERS,Hugo de Nagi,NOUVEAU,"— Hugo de Nagi pro domo sua, 7 denarii."
SSCO-AB_censier_0003,SSCO-AB_censier_0003,LIEU,Domus Trinitatis,NOUVEAU,"— Domus Trinitatis, 12 d."
SSCO-AB_censier_0003,SSCO-AB_censier_0003,PERS,Isabel de claustro,NOUVEAU,"— Isabel de claustro, 16 d."
SSCO-AB_censier_0003,SSCO-AB_censier_0003,PERS,Anselius cantor,NOUVEAU,"— Anselius cantor, 3 s."
SSCO-AB_censier_0003,SSCO-AB_censier_0003,LIEU,Domus Sancte Crucis,NOUVEAU,"— Domus Sancte Crucis, 10 s."
SSCO-AB_censier_0003,SSCO-AB_censier_0003,LIEU,Domus (*) + Theolbaldi,NOUVEAU,"— Domus (*) + Theolbaldi, 18 d."
SSCO-AB_censier_0003,SSCO-AB_censier_0003,PERS,Stephanus Morel,NOUVEAU,"— Stephanus Morel, 18 d."
SSCO-AB_censier_0003,SSCO-AB_censier_0003,PERS,Guillelmus de Prunoi,NOUVEAU,"— Guillelmus de Prunoi, 3 s."
SSCO-AB_censier_0003,SSCO-AB_censier_0003,PERS,Hubertus capicerius (?) et Simon de Breia,NOUVEAU,"— Hubertus capicerius (?) et Simon de Breia, 16 d."
SSCO-AB_censier_0003,SSCO-AB_censier_0003,PERS,Dominus Stephanus de Moreto,NOUVEAU,"— Dominus Stephanus de Moreto, 2 s."
SSCO-AB_censier_0003,SSCO-AB_censier_p114_c3_14,LIEU,Domus Exuperii,NOUVEAU,"— Domus Exuperii, 6 d."
SSCO-AB_censier_0003,SSCO-AB_censier_p114_c3_14,PERS,Dominus Landricus,NOUVEAU,"— Dominus Landricus, 14 d."
SSCO-AB_censier_0003,SSCO-AB_censier_p114_c3_14,PERS,Dominus Robertus de Feritate,NOUVEAU,"— Dominus Robertus de Feritate, 14 d."
SSCO-AB_censier_0003,SSCO-AB_censier_p114_c3_14,PERS,Erembour Baudemende,NOUVEAU,"— Erembour Baudemende, 3 s., 3 d. minus."
SSCO-AB_censier_0003,SSCO-AB_censier_p114_c3_14,PERS,Jeubertus Brichart,NOUVEAU,"— Jeubertus Brichart, 2 s."
SSCO-AB_censier_0003,SSCO-AB_censier_p114_c3_14,PERS,Petrus de Atheis,NOUVEAU,"— Petrus de Atheis, 8 d."
SSCO-AB_censier_0003,SSCO-AB_censier_p114_c3_14,PERS,Richerius Pions,NOUVEAU,"— Richerius Pions, 3 s. obolo minus."
SSCO-AB_censier_0003,SSCO-AB_censier_p114_c3_14,PERS,Due domuncule de Lacurtille,NOUVEAU,"— Due domuncule de Lacurtille, 2 s., 8 d."
SSCO-AB_censier_0003,SSCO-AB_censier_p114_c3_14,PERS,Canonici de domo Niquerel,NOUVEAU,"— Canonici de domo Niquerel, 9 d."
SSCO-AB_censier_0003,SSCO-AB_censier_p114_c3_14,PERS,Johannes de Senonis,NOUVEAU,"— Johannes de Senonis, 12 d."
SSCO-AB_censier_0003,SSCO-AB_censier_p114_c3_14,LIEU,Domus Arnulphi cantoris,NOUVEAU,"— Domus Arnulphi cantoris, 8 d., et pro stabulis, 4 d."
SSCO-AB_censier_0003,SSCO-AB_censier_p114_c3_14,PERS,Uxor + Hugonis Tourede,NOUVEAU,"— Uxor + Hugonis Tourede, 4 d., et ob."
SSCO-AB_censier_0003,SSCO-AB_censier_p114_c3_14,PERS,Guillelmus Mazevirarius,NOUVEAU,"— Guillelmus Mazevirarius, 19 d."
SSCO-AB_censier_0003,SSCO-AB_censier_p114_c3_14,PERS,Dominus Petrus de Donjun et frater ejus,NOUVEAU,"— Dominus Petrus de Donjun et frater ejus, 16 d., pro omnibus que tenet a nobis ultra nostram aquam."
SSCO-AB_censier_0003,SSCO-AB_censier_p114_c3_14,PERS,Major de Villadudone,NOUVEAU,"— Major de Villadudone pro domo, 16 d."
SSCO-AB_censier_0003,SSCO-AB_censier_p114_c3_14,LIEU,Domus + Stephani de Feritate,NOUVEAU,"— Domus + Stephani de Feritate, 12 d."
SSCO-AB_censier_0003,SSCO-AB_censier_p114_c3_14,PERS,Martinus Plomart,NOUVEAU,"— Martinus Plomart, 6 d."
SSCO-AB_censier_0003,SSCO-AB_censier_p114_c3_14,LIEU,Domus Roberti de Calmis,NOUVEAU,"— Domus Roberti de Calmis, 10 d."
SSCO-AB_censier_0003,SSCO-AB_censier_p114_c3_14,LIEU,Domus Polinorum,NOUVEAU,"— Domus Polinorum, 12 d."
SSCO-AB_censier_0003,SSCO-AB_censier_p114_c3_14,LIEU,Domus quatuor cappellanorum,NOUVEAU,"— Domus quatuor cappellanorum, 12 d."
SSCO-AB_censier_0003,SSCO-AB_censier_p114_c3_14,PERS,Gaufridus capellanus,EXISTE:SSCO-AB_rs_371,"— Gaufridus capellanus pro domo sua, 12 d."
SSCO-AB_censier_0003,SSCO-AB_censier_p114_c3_14,PERS,Robertus canonicus,NOUVEAU,"— Robertus canonicus, 12 d."
SSCO-AB_censier_0003,SSCO-AB_censier_p114_c3_14,PERS,Theolbaldus de Nagi,NOUVEAU,"— Theolbaldus de Nagi, 12 d."
SSCO-AB_censier_0003,SSCO-AB_censier_p114_c3_14,LIEU,Domus J. de Ulmeio,NOUVEAU,"— Domus J. de Ulmeio, 3 s."
SSCO-AB_censier_0003,SSCO-AB_censier_p114_c3_14,LIEU,Domus Lemovicensis,NOUVEAU,"— Domus Lemovicensis, 8 d."
SSCO-AB_censier_0003,SSCO-AB_censier_p114_c3_14,PERS,Guibertus,NOUVEAU,"— Guibertus, 3 s."
SSCO-AB_censier_0003,SSCO-AB_censier_p114_c3_14,PERS,Albinus Carpentarius,NOUVEAU,"— Albinus Carpentarius, 14 d."
SSCO-AB_censier_0003,SSCO-AB_censier_p114_c3_14,PERS,Sevinus Plomart,NOUVEAU,"— Sevinus Plomart, 12 d."
SSCO-AB_censier_0003,SSCO-AB_censier_p114_c3_14,PERS,Guerins Mignons,NOUVEAU,"— Guerins Mignons, 12 d."
SSCO-AB_censier_0003,SSCO-AB_censier_p114_c3_14,PERS,Filius Clarte,NOUVEAU,"— Filius Clarte, 12 d."
SSCO-AB_censier_0003,SSCO-AB_censier_p114_c3_14,PERS,Aubertus de Coudreio,NOUVEAU,"— Aubertus de Coudreio, 8 d."
SSCO-AB_censier_0003,SSCO-AB_censier_p115_c3_47,PERS,Johannes Morelli,NOUVEAU,"— Johannes Morelli, 4 s. et 3 ob."
SSCO-AB_censier_0003,SSCO-AB_censier_p115_c3_47,PERS,Margarita de Granchia,NOUVEAU,"— Margarita de Granchia, 2 s., pro domo."
SSCO-AB_censier_0003,SSCO-AB_censier_p115_c3_47,PERS,Droco Peterel et ejus soror,NOUVEAU,"— Droco Peterel et ejus soror, 12 d."
SSCO-AB_censier_0003,SSCO-AB_censier_p115_c3_47,PERS,Robertus Carnifex,NOUVEAU,"— Robertus Carnifex, 22 d."
SSCO-AB_censier_0003,SSCO-AB_censier_p115_c3_47,PERS,Rogerius Carnifex,NOUVEAU,"— Rogerius Carnifex, 16 d."
SSCO-AB_censier_0003,SSCO-AB_censier_p115_c3_47,PERS,Odierne,NOUVEAU,"— Odierne, 2 s."
SSCO-AB_censier_0003,SSCO-AB_censier_p115_c3_47,LIEU,Domus que fuit Droconis Clamatoris,NOUVEAU,"— Domus que fuit Droconis Clamatoris, 8 d."
SSCO-AB_censier_0003,SSCO-AB_censier_p115_c3_47,PERS,Johannes Echerpel,NOUVEAU,"— Johannes Echerpel, 9 d."
SSCO-AB_censier_0003,SSCO-AB_censier_p115_c3_47,LIEU,Domus que fuit burgenis Parisius,NOUVEAU,"— Domus que fuit burgenis Parisius, 9 d."
SSCO-AB_censier_0003,SSCO-AB_censier_p115_c3_47,PERS,Reginaldus de Autisiodoro,NOUVEAU,"— Reginaldus de Autisiodoro, 4 d."
SSCO-AB_censier_0003,SSCO-AB_censier_p115_c3_47,PERS,Relicta Reginaldi de Puteo,NOUVEAU,"— Relicta Reginaldi de Puteo, 2 d."
SSCO-AB_censier_0003,SSCO-AB_censier_p115_c3_47,LIEU,Domus Ade Parvi que est super molendinos,NOUVEAU,"— Domus Ade Parvi que est super molendinos, 4 d."
SSCO-AB_censier_0003,SSCO-AB_censier_p115_c3_47,PERS,Johannes Geumer,NOUVEAU,"— Johannes Geumer, 9 d."
SSCO-AB_censier_0003,SSCO-AB_censier_p115_c3_47,PERS,Martinus de Paris,NOUVEAU,"— Martinus de Paris pro domo, 11 d."
SSCO-AB_censier_0003,SSCO-AB_censier_p115_c3_47,PERS,Brillardus,NOUVEAU,"— Brillardus pro eadem domo, 1 d."
SSCO-AB_censier_0004,SSCO-AB_censier_0004,PERS,Petrus de Granchia,NOUVEAU,"— Petrus de Granchia, 12 d., de terra."
SSCO-AB_censier_0004,SSCO-AB_censier_0004,PERS,Petronilla Lasurcene,NOUVEAU,"— Petronilla Lasurcene, 20 d."
SSCO-AB_censier_0004,SSCO-AB_censier_0004,PERS,Droco Brichart,NOUVEAU,"— Droco Brichart, 2 s."
SSCO-AB_censier_0004,SSCO-AB_censier_0004,PERS,Presbiteri altaris Sancti Clementis,NOUVEAU,"— Presbiteri altaris Sancti Clementis, 2 s."
SSCO-AB_censier_0005,SSCO-AB_censier_0005,PERS,Monachi de Barbeel,NOUVEAU,"— Monachi de Barbeel, 10 d. ob. pro vinea que fuit Guerini Bouchier."
SSCO-AB_censier_0005,SSCO-AB_censier_0005,PERS,Item,NOUVEAU,"— Item 4 d., pro vinea que fuit Hoderii Brichart."
SSCO-AB_censier_0005,SSCO-AB_censier_p116_c5_4,PERS,Capicerius Beate Marie Corboliensis,NOUVEAU,"— Capicerius Beate Marie Corboliensis, 12 d., pro vinea de Boucournu."
SSCO-AB_censier_0005,SSCO-AB_censier_p116_c5_4,PERS,Erembour Baudemande,NOUVEAU,"— Erembour Baudemande, 4 d., de chaneveria."
SSCO-AB_censier_0005,SSCO-AB_censier_p116_c5_4,PERS,Philipus de Sancta,NOUVEAU,"— Philipus de Sancta, 16 d. de domo."
SSCO-AB_censier_0005,SSCO-AB_censier_p116_c5_4,PERS,Dominus Gaufridus,NOUVEAU,"— Dominus Gaufridus, 9 d. pro terra sua."
SSCO-AB_censier_0005,SSCO-AB_censier_p116_c5_4,PERS,Magister Robertus de Calmis,NOUVEAU,"— Magister Robertus de Calmis, 12 d. pro terra de Vignon, et pro vinea, 4 d."
SSCO-AB_censier_0005,SSCO-AB_censier_p116_c5_4,PERS,Johannes Peinchaut,NOUVEAU,"— Johannes Peinchaut, 12 d. pro domo."
SSCO-AB_censier_0005,SSCO-AB_censier_p116_c5_4,PERS,Johannes de Loco Sancto,NOUVEAU,"— Johannes de Loco Sancto, 18 d. pro domo."
SSCO-AB_censier_0005,SSCO-AB_censier_p116_c5_4,PERS,Dominus Renaudus Olearius,NOUVEAU,"— Dominus Renaudus Olearius, 6 d. pro vinea de Perreto."
SSCO-AB_censier_0005,SSCO-AB_censier_p116_c5_4,PERS,Bartholomeus Charles,NOUVEAU,"— Bartholomeus Charles, 8 d. pro vinea."
SSCO-AB_censier_0005,SSCO-AB_censier_p116_c5_4,PERS,Petrus Lemovicensis,NOUVEAU,"— Petrus Lemovicensis, 4 d. pro vinea de Vallibus."
SSCO-AB_censier_0005,SSCO-AB_censier_p116_c5_4,PERS,Berthaudus Prepositus,NOUVEAU,"— Berthaudus Prepositus, 4 d. pro vinea de Boucornu."
SSCO-AB_censier_0005,SSCO-AB_censier_p116_c5_4,PERS,La Cossarde de Tigeri,NOUVEAU,"— La Cossarde de Tigeri, 12 d. pro vinea de Boucornu."
SSCO-AB_censier_0005,SSCO-AB_censier_p116_c5_4,PERS,Richardus Plastarius,NOUVEAU,"— Richardus Plastarius, 4 d. pro vinea."
SSCO-AB_censier_0005,SSCO-AB_censier_p116_c5_4,PERS,Templarii,NOUVEAU,"— Templarii, 12 d. pro terra de Molendino."
SSCO-AB_censier_0005,SSCO-AB_censier_p116_c5_4,PERS,Juliana Clarte,NOUVEAU,"— Juliana Clarte, 4 d. de caneveria de Formunt."
SSCO-AB_censier_0005,SSCO-AB_censier_p116_c5_4,PERS,Relicta Stephani Bursarii,NOUVEAU,"— Relicta Stephani Bursarii, 12 d."
SSCO-AB_censier_0005,SSCO-AB_censier_p116_c5_4,PERS,Hugo de Liciis,NOUVEAU,"— Hugo de Liciis, 12 d. ob. de domo,"
SSCO-AB_censier_0005,SSCO-AB_censier_p116_c5_4,PERS,Terricus Libert,NOUVEAU,"— Terricus Libert, 12 d. pro domo sua."
SSCO-AB_censier_0005,SSCO-AB_censier_p116_c5_4,PERS,Andreas de Liciis,NOUVEAU,"— Andreas de Liciis, 2 d. pro vinea."
SSCO-AB_censier_0005,SSCO-AB_censier_p116_c5_4,LIEU,Domus Char Aussanz (?),NOUVEAU,"— Domus Char Aussanz (?), 12 d."
SSCO-AB_censier_0005,SSCO-AB_censier_p116_c5_4,PERS,Gaufridus Niquerel,NOUVEAU,"— Gaufridus Niquerel, 4 d. pro platea defuncti Johannis Le Truant."
SSCO-AB_censier_0005,SSCO-AB_censier_p116_c5_4,PERS,Hugo Coillart,NOUVEAU,"— Hugo Coillart, VI d. pro domo sua."
SSCO-AB_censier_0005,SSCO-AB_censier_p116_c5_4,PERS,Tibaut Giriaume,NOUVEAU,"— Tibaut Giriaume, 2 d. ob."
SSCO-AB_censier_0005,SSCO-AB_censier_p116_c5_4,PERS,Laurencius presbiter,NOUVEAU,"— Laurencius presbiter, 5 d."
SSCO-AB_censier_0005,SSCO-AB_censier_p116_c5_4,PERS,Relicta Guidonis Tourode,NOUVEAU,"— Relicta Guidonis Tourode, 6 d."
SSCO-AB_censier_0005,SSCO-AB_censier_p116_c5_4,PERS,Gacelinus Talemerarius,NOUVEAU,"— Gacelinus Talemerarius, 4 d. pro vinea de Vallibus."
SSCO-AB_censier_0005,SSCO-AB_censier_p116_c5_4,PERS,Borda de piscatoria,NOUVEAU,"— Borda de piscatoria, 6 d."
SSCO-AB_censier_0005,SSCO-AB_censier_p116_c5_4,PERS,Refectorium,NOUVEAU,"— Refectorium, 15 d. pro vineis de Cheveroche."
SSCO-AB_censier_0005,SSCO-AB_censier_p116_c5_4,PERS,Galterius canonicus,NOUVEAU,"— Galterius canonicus, 2 d. ob. de cistellis (?) de Vignon."
SSCO-AB_censier_0006,SSCO-AB_censier_0006,PERS,Dominus Reginaldus de Cramoello,NOUVEAU,"— Dominus Reginaldus de Cramoello, 2 s."
SSCO-AB_censier_0006,SSCO-AB_censier_0006,PERS,Uxor + Simonis de Porta,NOUVEAU,"— Uxor + Simonis de Porta, 8 d. pro vinea de Maugarde."
SSCO-AB_censier_0006,SSCO-AB_censier_0006,PERS,Petrus Guagnart et Balduinus gener ejus,NOUVEAU,"— Petrus Guagnart et Balduinus gener ejus, 3 d. ob. pro vinea de Gripetcin."
SSCO-AB_censier_0006,SSCO-AB_censier_0006,PERS,Petrus de Atheis,NOUVEAU,"— Petrus de Atheis, 4 d."
SSCO-AB_censier_0006,SSCO-AB_censier_0006,PERS,Stephanus presbiter,EXISTE:SSCO-AB_rs_851,"— Stephanus presbiter, 8 d."
SSCO-AB_censier_0006,SSCO-AB_censier_0006,LIEU,Vinea de Neplieiz,NOUVEAU,"— Vinea de Neplieiz, 4 d."
SSCO-AB_censier_0006,SSCO-AB_censier_0006,PERS,Tibaut Brichart,NOUVEAU,"— Tibaut Brichart, 10 d."
SSCO-AB_censier_0006,SSCO-AB_censier_0006,LIEU,Domus Hugonis Briardi in piscatoria,NOUVEAU,"— Domus Hugonis Briardi in piscatoria, 6 d."
SSCO-AB_censier_0006,SSCO-AB_censier_0006,PERS,Petrus Jocelini,NOUVEAU,"— Petrus Jocelini, 15 d. de Maugarde."
SSCO-AB_censier_0006,SSCO-AB_censier_0006,PERS,Manerius de Seintriaco,NOUVEAU,"— Manerius de Seintriaco, 3 d."
SSCO-AB_censier_0006,SSCO-AB_censier_0006,PERS,Robertus carnifex,NOUVEAU,"— Robertus carnifex, 13 d."
SSCO-AB_censier_0006,SSCO-AB_censier_0006,PERS,Theolbaldus Giraumes,NOUVEAU,"— Theolbaldus Giraumes, 6 d."
SSCO-AB_censier_0006,SSCO-AB_censier_0006,PERS,Refectorium Sancti Exuperii,NOUVEAU,"— Refectorium Sancti Exuperii, 2 d. de Coquille."
SSCO-AB_censier_0006,SSCO-AB_censier_0006,PERS,Renerius Random,NOUVEAU,"— Renerius Random, 2 d. ob."
SSCO-AB_censier_0006,SSCO-AB_censier_0006,PERS,Joibertus Postel,NOUVEAU,"— Joibertus Postel, 8 d."
SSCO-AB_censier_0006,SSCO-AB_censier_0006,PERS,Simon nepos + Auberici Fabri,NOUVEAU,"— Simon nepos + Auberici Fabri, 8 d."
SSCO-AB_censier_0006,SSCO-AB_censier_0006,PERS,Robertus Angelart,NOUVEAU,"— Robertus Angelart, 4 d. de Mantellon."
SSCO-AB_censier_0006,SSCO-AB_censier_0006,PERS,Guillelmus Coillart,NOUVEAU,"— Guillelmus Coillart, 8 d. pro vinea de Maugarde."
SSCO-AB_censier_0006,SSCO-AB_censier_0006,PERS,Enjorrant de Veteri Corbolio,NOUVEAU,"— Enjorrant de Veteri Corbolio, 2 d. pro vinea."
SSCO-AB_censier_0006,SSCO-AB_censier_0006,PERS,Robertus de Porta,NOUVEAU,"— Robertus de Porta, 8 d."
SSCO-AB_censier_0006,SSCO-AB_censier_0006,PERS,Ferricus de Cramoello,NOUVEAU,"— Ferricus de Cramoello, 8 d. pro vinea de Saintri."
SSCO-AB_censier_0006,SSCO-AB_censier_0006,PERS,Adam Cochetarius,NOUVEAU,"— Adam Cochetarius, 10 d. pro vinea."
SSCO-AB_censier_0006,SSCO-AB_censier_0006,PERS,Gualterius de Servigni,NOUVEAU,"— Gualterius de Servigni, 4 d."
SSCO-AB_censier_0006,SSCO-AB_censier_0006,PERS,Radulphus Belot,NOUVEAU,"— Radulphus Belot, 4 d."
SSCO-AB_censier_0006,SSCO-AB_censier_0006,PERS,Uxor Anrrici de Moreto,NOUVEAU,"— Uxor Anrrici de Moreto, 2 s. pro vinea de Veteri Foro que nunc debet, 4 s. de quibus ecclesia Beat"
SSCO-AB_censier_0006,SSCO-AB_censier_p118_c6_27,PERS,Robertus frater ejus,NOUVEAU,"— Robertus frater ejus, 2 d."
SSCO-AB_censier_0006,SSCO-AB_censier_p118_c6_27,PERS,Michael de Calceia,NOUVEAU,"— Michael de Calceia, 4 d."
SSCO-AB_censier_0006,SSCO-AB_censier_p118_c6_27,PERS,Robertus Aviart,NOUVEAU,"— Robertus Aviart, 4 d."
SSCO-AB_censier_0006,SSCO-AB_censier_p118_c6_27,PERS,Radulphus Faber,NOUVEAU,"— Radulphus Faber, 2 d. de Coquille."
SSCO-AB_censier_0006,SSCO-AB_censier_p118_c6_27,PERS,Ancelina de Corciaus,NOUVEAU,"— Ancelina de Corciaus, 2 d."
SSCO-AB_censier_0006,SSCO-AB_censier_p118_c6_27,PERS,Burgensis Talemerarius,NOUVEAU,"— Burgensis Talemerarius, 1 d."
SSCO-AB_censier_0006,SSCO-AB_censier_p118_c6_27,PERS,Dominus Guillelmus Paste,NOUVEAU,"— Dominus Guillelmus Paste, 8 d."
SSCO-AB_censier_0006,SSCO-AB_censier_p118_c6_27,PERS,Herbertus de Brociis,NOUVEAU,"— Herbertus de Brociis, 12 d. pro tribus quarteriis terre, et pro vinea, 4 d."
SSCO-AB_censier_0006,SSCO-AB_censier_p118_c6_27,PERS,Radulphus Gonteri,NOUVEAU,"— Radulphus Gonteri, 8 d. pro vinea de Maugarde."
SSCO-AB_censier_0006,SSCO-AB_censier_p118_c6_27,PERS,Guillelmus frater ejus,NOUVEAU,"— Guillelmus frater ejus, 2 d."
SSCO-AB_censier_0006,SSCO-AB_censier_p118_c6_27,PERS,Relicta Berodi de Atheis,NOUVEAU,"— Relicta Berodi de Atheis, 12 d."
SSCO-AB_censier_0006,SSCO-AB_censier_p118_c6_27,PERS,Gaufridus clericus,NOUVEAU,"— Gaufridus clericus, 4 d. pro vinea de Seintri et pro vineis + Eustacii de Chient, 9 d."
SSCO-AB_censier_0006,SSCO-AB_censier_p118_c6_27,PERS,Item,NOUVEAU,"— Item, 1 d. de Challoe."
SSCO-AB_censier_0006,SSCO-AB_censier_p118_c6_27,PERS,Dominus Reginaldus des Nes (?),NOUVEAU,"— Dominus Reginaldus des Nes (?), 14 d. pro domo sua juxta Soisiacum."
SSCO-AB_censier_0006,SSCO-AB_censier_p118_c6_27,PERS,Petrus de Coupigni,NOUVEAU,"— Petrus de Coupigni, 1 d."
SSCO-AB_censier_0006,SSCO-AB_censier_p118_c6_27,PERS,Richerius du Buisson,NOUVEAU,"— Richerius du Buisson, 1 pictam."
SSCO-AB_censier_0006,SSCO-AB_censier_p118_c6_27,PERS,Joannes Jonveri,NOUVEAU,"— Joannes Jonveri, 2 d. pro domo sua de Veteri Corbolio."
SSCO-AB_censier_0006,SSCO-AB_censier_p118_c6_27,PERS,Hugo du Buisson,NOUVEAU,"— Hugo du Buisson, 1 p."
SSCO-AB_censier_0006,SSCO-AB_censier_p118_c6_27,PERS,Renaudus de Varratte,NOUVEAU,"— Renaudus de Varratte, 3 ob. pro domo."
SSCO-AB_censier_0006,SSCO-AB_censier_p118_c6_27,PERS,Relicta Mandin de Veteri Corbolio,NOUVEAU,"— Relicta Mandin de Veteri Corbolio, 12 d. pro vinea sua de Sofflet."
SSCO-AB_censier_0006,SSCO-AB_censier_p118_c6_27,PERS,Simon Vilaume de Veteri Corbolio,NOUVEAU,"— Simon Vilaume de Veteri Corbolio, 19 d. de terra de Coupigni, et pro vinea sua, 7 d."
SSCO-AB_censier_0006,SSCO-AB_censier_p118_c6_27,PERS,Guillelmus de Valle,NOUVEAU,"— Guillelmus de Valle, 2 d. pro terra de Coupigni."
SSCO-AB_censier_0006,SSCO-AB_censier_p118_c6_27,PERS,Petrus de Coupegni,NOUVEAU,"— Petrus de Coupegni, 3 d. pro terra sua."
SSCO-AB_censier_0006,SSCO-AB_censier_p118_c6_27,PERS,Hubertus Pavator,NOUVEAU,"— Hubertus Pavator, 15 d. pro domo sua."
SSCO-AB_censier_0006,SSCO-AB_censier_p118_c6_27,PERS,Gualterius Racicaut,NOUVEAU,"— Gualterius Racicaut, 3 s. pro domo sua."
SSCO-AB_censier_0006,SSCO-AB_censier_p118_c6_27,PERS,Jeubertus textor,NOUVEAU,"— Jeubertus textor, 12 d. pro domo, et preposito, 3 s."
SSCO-AB_censier_0006,SSCO-AB_censier_p118_c6_27,PERS,Tibaut Carro,NOUVEAU,"— Tibaut Carro pro domo, 3 s."
SSCO-AB_censier_0006,SSCO-AB_censier_p119_c6_56,PERS,Richardus Textor,NOUVEAU,"— Richardus Textor, 8 d. pro domo sua."
SSCO-AB_censier_0006,SSCO-AB_censier_p119_c6_56,PERS,Radulphus Gonteri,NOUVEAU,"— Radulphus Gonteri, 6 d. pro domo sua."
SSCO-AB_censier_0006,SSCO-AB_censier_p119_c6_56,LIEU,Domus Belotin,NOUVEAU,"— Domus Belotin, 6 s."
SSCO-AB_censier_0006,SSCO-AB_censier_p119_c6_56,PERS,Luminare Sancti Exuperii,NOUVEAU,"— Luminare Sancti Exuperii, 2 s. pro vinea de Maugarde."
SSCO-AB_censier_0007,SSCO-AB_censier_0007,PERS,Guillelmus Bertaudi,NOUVEAU,"— Guillelmus Bertaudi, pro domo sua, 19 d."
SSCO-AB_censier_0007,SSCO-AB_censier_0007,PERS,Johannes Sutor,NOUVEAU,"— Johannes Sutor, pro domo sua, 3 s. uno denario minus."
SSCO-AB_censier_0008,SSCO-AB_censier_0008,PERS,Johannes Joumeril,NOUVEAU,"— Johannes Joumeril, 12 d. pro platea sua post domum suam."
SSCO-AB_censier_0008,SSCO-AB_censier_0008,PERS,Eramburgis de Evriaco relicta Guiardi Bodet,NOUVEAU,"— Eramburgis de Evriaco relicta Guiardi Bodet, 1 d. pro terra de Tigiriaco."
SSCO-AB_censier_0008,SSCO-AB_censier_0008,PERS,Adam Cochetarius,NOUVEAU,"— Adam Cochetarius, 18 d. pro clauso defuncti Jadonis."
SSCO-AB_censier_0008,SSCO-AB_censier_0008,PERS,Galterus Hamonis,NOUVEAU,"— Galterus Hamonis, 4 d. pro vinea de Saintri."
SSCO-AB_censier_0008,SSCO-AB_censier_0008,PERS,Robertus Torrel,NOUVEAU,"— Robertus Torrel, 2 d. pro terra sua prope monasterium de Seintriaco."
SSCO-AB_censier_0009,SSCO-AB_censier_0009,PERS,Liberi + Landrici Turion,NOUVEAU,"— Liberi + Landrici Turion, 2 d. pro terra sua de Leudeville."
SSCO-AB_censier_0009,SSCO-AB_censier_0009,PERS,Gaufridus de Vere Magno,NOUVEAU,"— Gaufridus de Vere Magno, 2 d. ob. pro terra sua."
SSCO-AB_censier_0009,SSCO-AB_censier_0009,PERS,Radulphus Oberti de Vere Parvo,NOUVEAU,"— Radulphus Oberti de Vere Parvo, 2 d. de terra sua."
SSCO-AB_censier_0009,SSCO-AB_censier_0009,PERS,Hubertus frater ejus,NOUVEAU,"— Hubertus frater ejus, 6 d."
SSCO-AB_censier_0009,SSCO-AB_censier_0009,PERS,Robertus de Leudeville,NOUVEAU,"— Robertus de Leudeville, 6 d."
SSCO-AB_censier_0010,SSCO-AB_censier_p120_c10_1,PERS,Adam Gontier,NOUVEAU,"— Adam Gontier, 5 d. pro terra sua super ripam Secane."
SSCO-AB_censier_0011,SSCO-AB_censier_0011,PERS,Ramboldus,NOUVEAU,"— Ramboldus, 12 d. pro vinea sua."
SSCO-AB_censier_0011,SSCO-AB_censier_0011,PERS,Adam Gonteri,NOUVEAU,"— Adam Gonteri, 12 d."
SSCO-AB_censier_0012,SSCO-AB_censier_0012,PERS,Johannes de Moisiaco,NOUVEAU,"— Johannes de Moisiaco, 2 d."
SSCO-AB_censier_0012,SSCO-AB_censier_0012,PERS,Robertus Engelart,NOUVEAU,"— Robertus Engelart, 4 d. pro domo sua, et pro platea, 3 p."
SSCO-AB_censier_0012,SSCO-AB_censier_0012,LIEU,Domus + Houdesent,NOUVEAU,"— Domus + Houdesent, 3 d. pro domo, et pro platea, 7 p."
SSCO-AB_censier_0012,SSCO-AB_censier_0012,PERS,Guillelmus Peschapie,NOUVEAU,"— Guillelmus Peschapie, 5 d. pro domo sua, et mater ejus, 2 d."
SSCO-AB_censier_0012,SSCO-AB_censier_0012,PERS,Relicta Simonis de Porta et Guerinus de Sancto Ferreolo et Rollandus mercator,NOUVEAU,— Relicta Simonis de Porta et Guerinus de Sancto Ferreolo et Rollandus mercator 22 d. de Treliis.
SSCO-AB_censier_0012,SSCO-AB_censier_0012,PERS,Obertus de Nagi,NOUVEAU,"— Obertus de Nagi, 5 d. pro terra de Bordis."
SSCO-AB_censier_0012,SSCO-AB_censier_0012,PERS,Adam Gontier,NOUVEAU,"— Adam Gontier, 5 d. pro domo sua de Bordis."
SSCO-AB_censier_0012,SSCO-AB_censier_0012,PERS,Altare Sancti Nicholai,NOUVEAU,"— Altare Sancti Nicholai, 4 d. pro virgulto juxta Fontem Ordeorum."
SSCO-AB_censier_0013,SSCO-AB_censier_0013,PERS,Obertus de Nagi,NOUVEAU,"— Obertus de Nagi, 12 d."
SSCO-AB_censier_0013,SSCO-AB_censier_0013,PERS,Adam Gontier,NOUVEAU,"— Adam Gontier pro domo sua de Bordis, 12 d."
SSCO-AB_censier_0014,SSCO-AB_censier_0014,PERS,Galterus canoninus,NOUVEAU,"— Galterus canoninus pro vinea Furcarum et decima, 2 s., quos nunc debet altare Trinitatis."
SSCO-AB_censier_0014,SSCO-AB_censier_p121_c14_3,PERS,Relicta + Renoldi Goncelin,NOUVEAU,"— Relicta + Renoldi Goncelin, 1 d."
SSCO-AB_censier_0014,SSCO-AB_censier_p121_c14_3,PERS,Galterus Numerius,NOUVEAU,"— Galterus Numerius, 3 d. pro vinea."
SSCO-AB_censier_0014,SSCO-AB_censier_p121_c14_3,PERS,Tibaut Mandin,NOUVEAU,"— Tibaut Mandin, 12 d. pro vinea sua de clauso comitis et decima (m)."
SSCO-AB_censier_0014,SSCO-AB_censier_p121_c14_3,PERS,Robertus de Challi,NOUVEAU,"— Robertus de Challi, 3 d."
SSCO-AB_censier_0014,SSCO-AB_censier_p121_c14_3,PERS,Ferricus de Everi,NOUVEAU,"— Ferricus de Everi, 4 d."
SSCO-AB_censier_0014,SSCO-AB_censier_p121_c14_3,PERS,Couterez,NOUVEAU,"— Couterez, 6 d."
SSCO-AB_censier_0014,SSCO-AB_censier_p121_c14_3,PERS,Robertus de Mariavala,NOUVEAU,"— Robertus de Mariavala, 12 d. pro terra de Chimino."
SSCO-AB_censier_0014,SSCO-AB_censier_p121_c14_3,PERS,Benedictus et Michael,NOUVEAU,"— Benedictus et Michael, 1 d. ob."
SSCO-AB_censier_0014,SSCO-AB_censier_p121_c14_3,PERS,Richardus de Auverniaus,NOUVEAU,"— Richardus de Auverniaus, 2 d."
SSCO-AB_censier_0014,SSCO-AB_censier_p121_c14_3,PERS,Anquetinus de Chimino,NOUVEAU,"— Anquetinus de Chimino, 11 d. et 1 p."
SSCO-AB_censier_0014,SSCO-AB_censier_p121_c14_3,PERS,Matheus Rex,NOUVEAU,"— Matheus Rex, 3 d. pro domo."
SSCO-AB_censier_0014,SSCO-AB_censier_p121_c14_3,PERS,Ernaudus de Bordis,NOUVEAU,"— Ernaudus de Bordis, 6 d. pro vinea."
SSCO-AB_censier_0014,SSCO-AB_censier_p121_c14_3,PERS,Guillelmus de Evriaco,NOUVEAU,"— Guillelmus de Evriaco, 3 d. pro domo."
SSCO-AB_censier_0014,SSCO-AB_censier_p121_c14_3,PERS,Ernaudus de Bordis,NOUVEAU,"— Ernaudus de Bordis, 3 d. pro domo."
SSCO-AB_censier_0014,SSCO-AB_censier_p121_c14_3,PERS,Petrus Libaus,NOUVEAU,"— Petrus Libaus, 3 d. pro terra."
SSCO-AB_censier_0014,SSCO-AB_censier_p121_c14_3,PERS,Aubertus de Columiers,NOUVEAU,"— Aubertus de Columiers, 18 d. pro terra juxta pressorium Ade Herun."
SSCO-AB_censier_0014,SSCO-AB_censier_p121_c14_3,PERS,Germondus,NOUVEAU,"— Germondus, 6 d. pro domo."
SSCO-AB_censier_0014,SSCO-AB_censier_p121_c14_3,PERS,Relicta Martini de Evriaco,NOUVEAU,"— Relicta Martini de Evriaco, 6 d. pro masura."
SSCO-AB_censier_0014,SSCO-AB_censier_p121_c14_3,PERS,Reginaldus gener ejus,NOUVEAU,"— Reginaldus gener ejus, 6 d."
SSCO-AB_censier_0014,SSCO-AB_censier_p121_c14_3,PERS,Durandus filius ejus,NOUVEAU,"— Durandus filius ejus, 3 d. de Evriaco et 3 d. et p. pro terra de Chimino."
SSCO-AB_censier_0014,SSCO-AB_censier_p121_c14_3,PERS,Gonterius de Moncello Brasens,NOUVEAU,"— Gonterius de Moncello Brasens, 3 d."
SSCO-AB_censier_0014,SSCO-AB_censier_p121_c14_3,PERS,Guillelmus de Pruneio,NOUVEAU,"— Guillelmus de Pruneio, 8 d. pro vinea sua de Tartaret."
SSCO-AB_censier_0014,SSCO-AB_censier_p121_c14_3,PERS,Guillelmus de Eschercon,NOUVEAU,"— Guillelmus de Eschercon, 12 d. pro terra Chemini."
SSCO-AB_censier_0014,SSCO-AB_censier_p121_c14_3,PERS,Theolbaldus et Droco frater ejus,NOUVEAU,"— Theolbaldus et Droco frater ejus, 18 d. pro terra de Chemino et 12 d. de Evriaco."
SSCO-AB_censier_0014,SSCO-AB_censier_p121_c14_3,LIEU,Terra Renerii Brullon,NOUVEAU,"— Terra Renerii Brullon, 9 d."
SSCO-AB_censier_0014,SSCO-AB_censier_p121_c14_3,PERS,Balduinus de Chemino,NOUVEAU,"— Balduinus de Chemino, 9 d."
SSCO-AB_censier_0014,SSCO-AB_censier_p121_c14_3,PERS,Johannes de Chemino,NOUVEAU,"— Johannes de Chemino, 16 d. ob."
SSCO-AB_censier_0014,SSCO-AB_censier_p121_c14_3,PERS,Isembardus de Chemino,NOUVEAU,"— Isembardus de Chemino, 4 d. ob."
SSCO-AB_censier_0014,SSCO-AB_censier_p121_c14_3,PERS,Hubertus de Villa Nova,NOUVEAU,"— Hubertus de Villa Nova, 2 d."
SSCO-AB_censier_0014,SSCO-AB_censier_p122_c14_34,PERS,Tencura Otranni de Evriaco,NOUVEAU,"— Tencura Otranni de Evriaco, 10 d."
SSCO-AB_censier_0015,SSCO-AB_censier_0015,PERS,Harduinus de Corciaus,NOUVEAU,"— Harduinus de Corciaus, 2 d."
SSCO-AB_censier_0015,SSCO-AB_censier_0015,PERS,Richardus Papillons,NOUVEAU,"— Richardus Papillons, 3 d."
SSCO-AB_censier_0015,SSCO-AB_censier_0015,PERS,Galterius filius + Nicholai,NOUVEAU,"— Galterius filius + Nicholai, 8 d."
SSCO-AB_censier_0015,SSCO-AB_censier_0015,PERS,Thomas de Bordis,NOUVEAU,"— Thomas de Bordis, 5 d."
SSCO-AB_censier_0015,SSCO-AB_censier_0015,PERS,Leodegarius de Pulli,NOUVEAU,"— Leodegarius de Pulli, 6 d."
SSCO-AB_censier_0015,SSCO-AB_censier_0015,PERS,Johannes Auscheri,NOUVEAU,"— Johannes Auscheri, 2 d."
SSCO-AB_censier_0015,SSCO-AB_censier_0015,PERS,Gaufridus Bobe,NOUVEAU,"— Gaufridus Bobe, 2 d."
SSCO-AB_censier_0015,SSCO-AB_censier_0015,PERS,Ferricus Popin,NOUVEAU,"— Ferricus Popin, 8 d."
SSCO-AB_censier_0015,SSCO-AB_censier_0015,PERS,Lambertus de Poulli et Doela,NOUVEAU,"— Lambertus de Poulli et Doela, 3 d. picta minus."
SSCO-AB_censier_0015,SSCO-AB_censier_0015,PERS,Sanctus Lazarus de Meleduno,NOUVEAU,"— Sanctus Lazarus de Meleduno, 18 d."
SSCO-AB_censier_0015,SSCO-AB_censier_0015,PERS,Formundus Mancerius (?),NOUVEAU,"— Formundus Mancerius (?), 8 d."
SSCO-AB_censier_0015,SSCO-AB_censier_0015,PERS,Dominus Berterius de Gallande,NOUVEAU,"— Dominus Berterius de Gallande, 7 d."
SSCO-AB_censier_0015,SSCO-AB_censier_0015,PERS,Odo Raimbierge,NOUVEAU,"— Odo Raimbierge, 2 d."
SSCO-AB_censier_0015,SSCO-AB_censier_0015,PERS,Theophania de Vallibus,NOUVEAU,"— Theophania de Vallibus, 2 d."
SSCO-AB_censier_0017,SSCO-AB_censier_p123_c17_2,PERS,Johannes filius ejus,NOUVEAU,"— Johannes filius ejus, 1 d."
SSCO-AB_censier_0019,SSCO-AB_censier_0019,PERS,Apud Evrainville (?),NOUVEAU,"— Apud Evrainville (?) 4 d. de censu, unam dreturam, unum minellum ordei."
SSCO-AB_censier_0019,SSCO-AB_censier_0019,PERS,Apud Miseri,NOUVEAU,"— Apud Miseri, 6 d. de censu et campipartem et unam dreturam."
SSCO-AB_censier_0019,SSCO-AB_censier_0019,PERS,Apud Leudeville duas dreturas,NOUVEAU,— Apud Leudeville duas dreturas.
SSCO-AB_censier_0019,SSCO-AB_censier_0019,PERS,Apud Ver magnum unam dreturam,NOUVEAU,— Apud Ver magnum unam dreturam.
SSCO-AB_censier_0019,SSCO-AB_censier_0019,PERS,Apud Essonam,NOUVEAU,"— Apud Essonam, 8 d. de censu et unam dreturam."
SSCO-AB_censier_0019,SSCO-AB_censier_0019,PERS,Apud Corbolium,NOUVEAU,"— Apud Corbolium, 3 dreturas, de quibus altare Sancti Nicholai debet unam pro viridario de Fonte Ord"
SSCO-AB_censier_0019,SSCO-AB_censier_0019,PERS,Apud Coupegni unam dreturam et dimidiam,NOUVEAU,— Apud Coupegni unam dreturam et dimidiam.
SSCO-AB_censier_0019,SSCO-AB_censier_0019,PERS,Apud Saintriacum duas dreturas,NOUVEAU,— Apud Saintriacum duas dreturas.
SSCO-AB_censier_0019,SSCO-AB_censier_0019,PERS,Apud Villam Dudonem,NOUVEAU,"— Apud Villam Dudonem, 34 dreturas, et de camera ibidem unam et dimidiam, et unam prepositi vel majo"
SSCO-AB_censier_0019,SSCO-AB_censier_0019,PERS,Apud Chevanes,NOUVEAU,"— Apud Chevanes, 39 dreturas, de quibus prepositus habet unam et major unam."
SSCO-AB_censier_0019,SSCO-AB_censier_0019,PERS,Apud Soisiacum,NOUVEAU,"— Apud Soisiacum, 34 dreturas uno quarterio minus de quibus prepositus habet unam, et major unam et "
SSCO-AB_censier_0019,SSCO-AB_censier_0019,PERS,Apud Evriacum et apud Chiminum,NOUVEAU,"— Apud Evriacum et apud Chiminum, 12 dreturas."
SSCO-AB_censier_0021,SSCO-AB_censier_0021,PERS,Item de Chevanes,NOUVEAU,"— Item de Chevanes, 39 s. tunc in eodem festo."
SSCO-AB_censier_0021,SSCO-AB_censier_0021,PERS,Item de Soisiaco in Adnunciatione Dominica,NOUVEAU,"— Item de Soisiaco in Adnunciatione Dominica, 11 s. 6 d. ob. et 1 p., et preposito, 5 d., et maiori "
SSCO-AB_censier_0021,SSCO-AB_censier_0021,PERS,Eodem die liberi Turion de Leudevilla,NOUVEAU,"— Eodem die liberi Turion de Leudevilla, 8 d. de censu."
SSCO-AB_censier_0022,SSCO-AB_censier_0022,PERS,Beate Marie de Corbolio,NOUVEAU,"— Beate Marie de Corbolio pro camera, 12 s. pro molendino de Essona, et 6 d. de re eis ignota."
SSCO-AB_censier_0022,SSCO-AB_censier_0022,PERS,Item ecclesie Fossatensi,NOUVEAU,"— Item ecclesie Fossatensi, 6 s. pro clauso de Tartaret."
SSCO-AB_censier_0022,SSCO-AB_censier_p125_c22_4,PERS,Famulo Sancti Exuperii,NOUVEAU,"— Famulo Sancti Exuperii pro custodia vinearum, 6 s."
SSCO-AB_censier_0022,SSCO-AB_censier_p125_c22_4,PERS,In festo Sancti Exuperii quibusdam de villa de Cons,NOUVEAU,"— In festo Sancti Exuperii quibusdam de villa de Cons, 6 s."
SSCO-AB_censier_0023,SSCO-AB_censier_0023,PERS,Hospitali de Corbolio,NOUVEAU,"— Hospitali de Corbolio, 12 d. pro chaneveria."
SSCO-AB_censier_0023,SSCO-AB_censier_0023,PERS,Priori de Campis in octabis Beati Dyonisii,NOUVEAU,"— Priori de Campis in octabis Beati Dyonisii, 4 d. et ob. pro vinea de Frileuse, et totidem de priso"
SSCO-AB_censier_0023,SSCO-AB_censier_0023,PERS,Ecclesie Beate Marie Parisiensis de clauso de Braatel,NOUVEAU,"— Ecclesie Beate Marie Parisiensis de clauso de Braatel pro matutinis, 6 s. in festo Beati Remigii."
SSCO-AB_censier_0023,SSCO-AB_censier_0023,PERS,Majori de Balencuria,NOUVEAU,"— Majori de Balencuria, 4 d. pro domo vicariorum."
SSCO-AB_censier_0023,SSCO-AB_censier_0023,PERS,Pro vineis + Stephani de Feritate,NOUVEAU,"— Pro vineis + Stephani de Feritate, 13 d. et 6 d. de guardia famulo ejusdem terre."
SSCO-AB_censier_0023,SSCO-AB_censier_0023,PERS,Pro vineis de Chieveroche,NOUVEAU,"— Pro vineis de Chieveroche, 15 d."
SSCO-AB_censier_0023,SSCO-AB_censier_0023,PERS,Apud Chevanes sex prebendis in Adnunciacione Dominica,NOUVEAU,"— Apud Chevanes sex prebendis in Adnunciacione Dominica pro corveiis, 3 s. 3 d."
SSCO-AB_censier_0023,SSCO-AB_censier_0023,PERS,Apud Villam Novam Regis in festo Sancti Remigii,NOUVEAU,"— Apud Villam Novam Regis in festo Sancti Remigii, 5 s. super quadraginta arpenta terre quos (sic) d"
SSCO-AB_censier_0023,SSCO-AB_censier_0023,PERS,Apud Feritatem Aales,NOUVEAU,"— Apud Feritatem Aales, 60 s. de censu in festo Sancti Remigii, quos Angevinus canonicus dedit Eccle"
SSCO-AB_censier_0023,SSCO-AB_censier_0023,PERS,Item super vineas nostras de Braatel habemus,NOUVEAU,"— Item super vineas nostras de Braatel habemus, 39 s. ad Nativitatem Beate Marie, de quibus capitulu"
SSCO-AB_censier_0023,SSCO-AB_censier_0023,PERS,Item matutine habent super nemora nostra de Villadudone,NOUVEAU,"— Item matutine habent super nemora nostra de Villadudone 6 libras singulis annis, quarum distribuci"
SSCO-AB_censier_0024,SSCO-AB_censier_0024,PERS,Dominus Aubertus de Monte Sancti Petri,NOUVEAU,"— Dominus Aubertus de Monte Sancti Petri, 8 d. et ob. et duas dreturas pro terra de Monte Eschoue."
SSCO-AB_censier_0024,SSCO-AB_censier_0024,PERS,Aubertus Dure-Borse,NOUVEAU,"— Aubertus Dure-Borse, 3 d. pro tribus quarteriis."
SSCO-AB_censier_0024,SSCO-AB_censier_0024,PERS,Girardus Richardi,NOUVEAU,"— Girardus Richardi, 2 d. et dimidiam dreturam."
SSCO-AB_censier_0025,SSCO-AB_censier_0025,PERS,Arnulphus de Verneuille,NOUVEAU,"— Arnulphus de Verneuille, 3 d. pro dimidio arpento vinee que est ad portum de Verneuille."
SSCO-AB_censier_0025,SSCO-AB_censier_0025,PERS,Johannes de Danemarie,NOUVEAU,"— Johannes de Danemarie, 3 ob. pro uno quarterio vinee ejusdem portus."
SSCO-AB_censier_0025,SSCO-AB_censier_0025,PERS,Stephanus de Ulmeio,NOUVEAU,"— Stephanus de Ulmeio, 6 d. pro uno arpento vinee juxta eumdem portum."
SSCO-AB_censier_0025,SSCO-AB_censier_0025,PERS,Bartholomeus de Forges,NOUVEAU,"— Bartholomeus de Forges, 2 d. pro uno arpento terre que est ultra nemus."
SSCO-AB_censier_0025,SSCO-AB_censier_0025,PERS,Juliana,NOUVEAU,"— Juliana, unum obolum pro tribus sulcis terre que est ultra nemus."
SSCO-AB_censier_0025,SSCO-AB_censier_0025,PERS,Acelinus de Lestre,NOUVEAU,"— Acelinus de Lestre, 3 ob. pro uno arpento terre ultra nemus."
SSCO-AB_censier_0025,SSCO-AB_censier_0025,PERS,Roche La Muniere,NOUVEAU,"— Roche La Muniere, 6 d. et 3 p. pro terra sua que sedet a Bletart."
SSCO-AB_censier_0025,SSCO-AB_censier_0025,PERS,Laurencius Angevini,NOUVEAU,"— Laurencius Angevini, 6 d. et 3 p. pro terra sua que est ibidem."
SSCO-AB_censier_0025,SSCO-AB_censier_0025,PERS,Droco Bonnel,NOUVEAU,"— Droco Bonnel, 8 d. pro duobus arpentis et dimidio terre que est au gros buison."
SSCO-AB_censier_0025,SSCO-AB_censier_0025,PERS,Landris de Porta,NOUVEAU,"— Landris de Porta, 3 p. pro duobus sulcis terre que est ultra nemus."
SSCO-AB_censier_0025,SSCO-AB_censier_0025,PERS,Terricus Li Poitevins,NOUVEAU,"— Terricus Li Poitevins, 11 d. et obolum pro uno quarterio vinee que est a Bletart et pro terra sua "
SSCO-AB_censier_0025,SSCO-AB_censier_p127_c25_13,PERS,Gaufridus Petri,NOUVEAU,"— Gaufridus Petri, 4 d. pro dimidio arpento vinee que est a Maupertuis."
SSCO-AB_censier_0025,SSCO-AB_censier_p127_c25_13,PERS,Guilebertus Ruphus,NOUVEAU,"— Guilebertus Ruphus, 2 d. pro duabus partibus cujusdam quarterii vinee que est a Bletart."
SSCO-AB_censier_0025,SSCO-AB_censier_p127_c25_13,PERS,Bartholomeus filius + Renoldi,NOUVEAU,"— Bartholomeus filius + Renoldi, 3 d. pro dimidio arpento vinee que est a Maupertuis."
SSCO-AB_censier_0025,SSCO-AB_censier_p127_c25_13,PERS,Nantiers de Sancto Lupo,NOUVEAU,"— Nantiers de Sancto Lupo, 9 d. et obolum pro tribus arpentis terre, et dimidio quarterio vinee que "
SSCO-AB_censier_0025,SSCO-AB_censier_p127_c25_13,PERS,Mahis de Sancto Lupo,NOUVEAU,"— Mahis de Sancto Lupo, 6 d. pro duobus arpentis terre que est apud Bletart."
SSCO-AB_censier_0025,SSCO-AB_censier_p127_c25_13,PERS,Isabel de Sancto Lupo,NOUVEAU,"— Isabel de Sancto Lupo, 4 d. et obolum pro jornel et dimidio terre et dimidio quarterio vinee."
SSCO-AB_censier_0025,SSCO-AB_censier_p127_c25_13,PERS,Simon Rex,NOUVEAU,"— Simon Rex, 3 d. pro uno arpento terre que est au gros buison."
SSCO-AB_censier_0025,SSCO-AB_censier_p127_c25_13,PERS,Johannes Magnus,NOUVEAU,"— Johannes Magnus, 3 d. pro uno arpento terre et dimidio qui sunt ultra nemus de Nanziaco."
SSCO-AB_censier_0025,SSCO-AB_censier_p127_c25_13,PERS,Reginaldus Gilout,NOUVEAU,"— Reginaldus Gilout, 3 ob. pro tribus quarteriis terre in eodem loco."
SSCO-AB_censier_0025,SSCO-AB_censier_p127_c25_13,PERS,Odo Ribillart,NOUVEAU,"— Odo Ribillart, 4 d. pro uno jornel terre que est au Maupertuis."
SSCO-AB_censier_0025,SSCO-AB_censier_p127_c25_13,PERS,Petrus Carpentarius,NOUVEAU,"— Petrus Carpentarius, 4 d. pro dimidio arpento vinee que est a Blacart."
SSCO-AB_censier_0025,SSCO-AB_censier_p127_c25_13,PERS,Guillelmus Richardi de Sacro Portu,NOUVEAU,"— Guillelmus Richardi de Sacro Portu, 8 d. pro tribus quarteriis vinee que est a Blacart."
SSCO-AB_censier_0025,SSCO-AB_censier_p127_c25_13,PERS,Hecelinus gener Guillelmi de Sacro Portu,NOUVEAU,"— Hecelinus gener Guillelmi de Sacro Portu, 5 d. pro dimidio arpento vinee a Blacart."
SSCO-AB_censier_0025,SSCO-AB_censier_p127_c25_13,PERS,Girart Savoir,NOUVEAU,"— Girart Savoir, 3 d. pro dimidio arpento terre et dimidio arpento vinee a Blacart."
SSCO-AB_censier_0025,SSCO-AB_censier_p127_c25_13,PERS,Hecelinus,NOUVEAU,"— Hecelinus, 13 d. et obolum pro tribus arpentis terre a Blacart."
SSCO-AB_censier_0025,SSCO-AB_censier_p127_c25_13,PERS,Nicholaus de Ceson,NOUVEAU,"— Nicholaus de Ceson, 9 d. pro terra sua de Ceson."
SSCO-AB_censier_0025,SSCO-AB_censier_p127_c25_13,PERS,Girardus de Ceson,NOUVEAU,"— Girardus de Ceson, 9 d. pro terra sua de Ceson."
SSCO-AB_censier_0025,SSCO-AB_censier_p127_c25_13,PERS,Petrus de Chatelle,NOUVEAU,"— Petrus de Chatelle, 6 d. pro terra sua de Ceson."
SSCO-AB_censier_0025,SSCO-AB_censier_p128_c25_33,PERS,Petrus filius + Renardi de Forges,NOUVEAU,"— Petrus filius + Renardi de Forges, 2 d. pro uno arpento terre que est ultra nemus."
SSCO-AB_censier_0025,SSCO-AB_censier_p128_c25_33,PERS,Petrus de Eprena,NOUVEAU,"— Petrus de Eprena, 1 d."
SSCO-AB_censier_0025,SSCO-AB_censier_p128_c25_33,PERS,Arnulphus Faber de Forges,NOUVEAU,"— Arnulphus Faber de Forges, 5 d. et pictam."
SSCO-AB_censier_0026,SSCO-AB_censier_0026,PERS,Stephanus de Bello-Visu,NOUVEAU,"— Stephanus de Bello-Visu, 2 d. et obolum pro dimidio dreture."
SSCO-AB_censier_0026,SSCO-AB_censier_0026,PERS,Stephanus de Manessiaco,NOUVEAU,"— Stephanus de Manessiaco, 5 p. pro quarterio dreture."
SSCO-AB_censier_0026,SSCO-AB_censier_0026,PERS,Andreas Berte,NOUVEAU,"— Andreas Berte, 2 d. et obolum pro dimidio dreture."
SSCO-AB_censier_0026,SSCO-AB_censier_0026,PERS,Radulphus Basim,NOUVEAU,"— Radulphus Basim, 5 p. pro quarterio dreture."
SSCO-AB_censier_0026,SSCO-AB_censier_0026,PERS,Renaudus Marie,NOUVEAU,"— Renaudus Marie, 5 p. pro quarterio dreture."
SSCO-AB_censier_0026,SSCO-AB_censier_0026,PERS,Stephanus,NOUVEAU,"— Stephanus, 5 p. pro quarterio dreture."
SSCO-AB_censier_0026,SSCO-AB_censier_0026,PERS,Johannes Li Ogres,NOUVEAU,"— Johannes Li Ogres, 2 d. et obolum pro dimidio dreture."
SSCO-AB_censier_0026,SSCO-AB_censier_0026,PERS,Relicta Pichardi et Laurencius de Bouseinvilla,NOUVEAU,"— Relicta Pichardi et Laurencius de Bouseinvilla, 2 d. et obolum pro dimidio dreture."
SSCO-AB_censier_0026,SSCO-AB_censier_0026,PERS,Theolbaldus Rex,NOUVEAU,"— Theolbaldus Rex, 2 d. et obolum pro dimidio dreture."
SSCO-AB_censier_0026,SSCO-AB_censier_0026,PERS,Isembert Goin,NOUVEAU,"— Isembert Goin, 2 d. et obolum pro dimidio dreture."
SSCO-AB_censier_0026,SSCO-AB_censier_0026,PERS,Arnulphus Monachus,NOUVEAU,"— Arnulphus Monachus, 2 d. ob. pro dimidio droitura."
SSCO-AB_censier_0026,SSCO-AB_censier_0026,PERS,Ermanjart La Chambellande,NOUVEAU,"— Ermanjart La Chambellande, 2 d. et obolum pro dimidio dreture."
SSCO-AB_censier_0026,SSCO-AB_censier_0026,PERS,Vitalis de Villa,NOUVEAU,"— Vitalis de Villa, 5 p. pro quarterio dreture."
SSCO-AB_censier_0026,SSCO-AB_censier_0026,PERS,Odinus Borrel,NOUVEAU,"— Odinus Borrel, 5 p. pro quarterio dreture."
SSCO-AB_censier_0026,SSCO-AB_censier_0026,PERS,Guillelmus Cambellarius,NOUVEAU,"— Guillelmus Cambellarius, 5 p. pro quarterio dreture."
SSCO-AB_censier_0026,SSCO-AB_censier_0026,PERS,Renaudus Glene,NOUVEAU,"— Renaudus Glene, 5 p. pro quarterio dreture."
SSCO-AB_censier_0026,SSCO-AB_censier_p129_c26_18,PERS,Floria uxor Hermerii,NOUVEAU,"— Floria uxor Hermerii, 5 p. pro dimidio quarterio."
SSCO-AB_censier_0026,SSCO-AB_censier_p129_c26_18,PERS,Gaufridus Sutor,NOUVEAU,"— Gaufridus Sutor, 2 d. et obolum pro dimidia droitura."
SSCO-AB_censier_0026,SSCO-AB_censier_p129_c26_18,PERS,Andreas Ligart,NOUVEAU,"— Andreas Ligart, 2 d. et obolum pro dimidia droitura."
SSCO-AB_censier_0026,SSCO-AB_censier_p129_c26_18,PERS,Aubertus Carnifex,NOUVEAU,"— Aubertus Carnifex, 7 p. et dimidiam pictam pro quarterio et dimidio."
SSCO-AB_censier_0026,SSCO-AB_censier_p129_c26_18,PERS,Jameline,NOUVEAU,"— Jameline, 7 p. et dimidiam pictam pro quarterio et dimidio."
SSCO-AB_censier_0026,SSCO-AB_censier_p129_c26_18,PERS,Milo Richart,NOUVEAU,"— Milo Richart, 2 d. et obolum pro dimidia droitura nova."
SSCO-AB_censier_0026,SSCO-AB_censier_p129_c26_18,PERS,Relicta Renaudi Fortis,NOUVEAU,"— Relicta Renaudi Fortis, 2 d. obolum pro dimidio droitura."
SSCO-AB_censier_0026,SSCO-AB_censier_p129_c26_18,PERS,Roce,NOUVEAU,"— Roce, 5 p. pro quarterio."
SSCO-AB_censier_0026,SSCO-AB_censier_p129_c26_18,PERS,Guillelmus Jeumeri,NOUVEAU,"— Guillelmus Jeumeri, 5 p. pro quarterio."
SSCO-AB_censier_0026,SSCO-AB_censier_p129_c26_18,PERS,Emanjart Hupeoire,NOUVEAU,"— Emanjart Hupeoire, 5 p. pro quarterio."
SSCO-AB_censier_0026,SSCO-AB_censier_p129_c26_18,PERS,Guiardus Bochet,NOUVEAU,"— Guiardus Bochet, 5 p."
SSCO-AB_censier_0026,SSCO-AB_censier_p129_c26_18,PERS,Odo Aalardi,NOUVEAU,"— Odo Aalardi, 5 p."
SSCO-AB_censier_0026,SSCO-AB_censier_p129_c26_18,PERS,Relicta Houderii,NOUVEAU,"— Relicta Houderii, 2 d."
SSCO-AB_censier_0026,SSCO-AB_censier_p129_c26_18,PERS,Mainfredus,NOUVEAU,"— Mainfredus, 7 p. pro droitura et 5 p. pro quarterio."
SSCO-AB_censier_0026,SSCO-AB_censier_p129_c26_18,PERS,Guillelmus Gainart (?),NOUVEAU,"— Guillelmus Gainart (?), 5 p. pro eadem droitura."
SSCO-AB_censier_0026,SSCO-AB_censier_p129_c26_18,PERS,Radulphus Morel,NOUVEAU,"— Radulphus Morel, 2 d. et obolum pro dimidio droitura."
SSCO-AB_censier_0026,SSCO-AB_censier_p129_c26_18,PERS,Alexander Joce,NOUVEAU,"— Alexander Joce, 7 d. et obolum pro droitura et dimidia."
SSCO-AB_censier_0026,SSCO-AB_censier_p129_c26_18,PERS,Formundus de Bordis,NOUVEAU,"— Formundus de Bordis, 9 d. picta minus pro septem quarteriis."
SSCO-AB_censier_0026,SSCO-AB_censier_p129_c26_18,PERS,Johannes Boivin,NOUVEAU,"— Johannes Boivin, 2 d. et obolum."
SSCO-AB_censier_0026,SSCO-AB_censier_p129_c26_18,PERS,Aubertus Hasart,NOUVEAU,"— Aubertus Hasart, 2 d. et obolum."
SSCO-AB_censier_0026,SSCO-AB_censier_p129_c26_18,PERS,Johannes Aviart,NOUVEAU,"— Johannes Aviart, 5 p."
SSCO-AB_censier_0026,SSCO-AB_censier_p129_c26_18,PERS,Odo Cornutus,NOUVEAU,"— Odo Cornutus, 2 d. et obolum."
SSCO-AB_censier_0026,SSCO-AB_censier_p129_c26_18,PERS,Guillelmus Cornutus,NOUVEAU,"— Guillelmus Cornutus, 2 d. et obolum."
SSCO-AB_censier_0026,SSCO-AB_censier_p129_c26_18,PERS,Milo de Yenvilla,NOUVEAU,"— Milo de Yenvilla, 2 d. et obolum que (?) est de Majoria."
SSCO-AB_censier_0026,SSCO-AB_censier_p129_c26_18,PERS,Andreas Monachus,NOUVEAU,"— Andreas Monachus, 7 d. et obolum pro una dretura et dimidia."
SSCO-AB_censier_0026,SSCO-AB_censier_p129_c26_18,PERS,Petrus Prepositus,NOUVEAU,"— Petrus Prepositus, 2 d. et obolum pro dimidia droitura."
SSCO-AB_censier_0026,SSCO-AB_censier_p129_c26_18,PERS,Matheus de Bello Visu,NOUVEAU,"— Matheus de Bello Visu, 2 d. et obolum."
SSCO-AB_censier_0026,SSCO-AB_censier_p129_c26_18,PERS,Martinus de Porta,NOUVEAU,"— Martinus de Porta, 7 d. et obolum."
SSCO-AB_censier_0026,SSCO-AB_censier_p130_c26_48,PERS,Aubertus Dure Borse,NOUVEAU,"— Aubertus Dure Borse, 2 d. et obolum."
SSCO-AB_censier_0026,SSCO-AB_censier_p130_c26_48,PERS,Mainardus de Soisi,NOUVEAU,"— Mainardus de Soisi, 2 d. et obolum."
SSCO-AB_censier_0026,SSCO-AB_censier_p130_c26_48,PERS,Dominus Peregrinus presbiter,NOUVEAU,"— Dominus Peregrinus presbiter, 2 d. et obolum."
SSCO-AB_censier_0026,SSCO-AB_censier_p130_c26_48,PERS,Andreas de Bordis,NOUVEAU,"— Andreas de Bordis, 5 d. pro dretura."
SSCO-AB_censier_0026,SSCO-AB_censier_p130_c26_48,PERS,Odo Parvus Deus,NOUVEAU,"— Odo Parvus Deus, 2 d. et obolum sine dretura."
SSCO-AB_censier_0026,SSCO-AB_censier_p130_c26_48,PERS,Tibaut Jeremie,NOUVEAU,"— Tibaut Jeremie, 1 d. picta minus pro tribus quarteriis de Majoria."
SSCO-AB_censier_0026,SSCO-AB_censier_p130_c26_48,PERS,Maiorissa,NOUVEAU,"— Maiorissa, 5 p. pro quarterio de Majoria."
SSCO-AB_censier_0026,SSCO-AB_censier_p130_c26_48,PERS,Et sciendum est quod de isto censu habet prepositus,NOUVEAU,"— Et sciendum est quod de isto censu habet prepositus, quinque denarios et unam dreturam."
SSCO-AB_censier_0027,SSCO-AB_censier_0027,PERS,Dominus Simon de Corbolio,NOUVEAU,"— Dominus Simon de Corbolio, 2 s. pro quadam parte domus sue site in fine claustri."
SSCO-AB_censier_0027,SSCO-AB_censier_0027,PERS,Nicholaus canonicus,NOUVEAU,"— Nicholaus canonicus, 12 d. pro domo capituli ; et pro duabus domibus suis propriis que fuerunt Plo"
SSCO-AB_censier_0027,SSCO-AB_censier_0027,PERS,Johannes de Sancto Quintino,NOUVEAU,"— Johannes de Sancto Quintino, 12 d. pro domo sua."
SSCO-AB_censier_0027,SSCO-AB_censier_0027,LIEU,Capellanus Sancti Bartholomei,NOUVEAU,"— Capellanus Sancti Bartholomei, 12 d. pro domo sua."
SSCO-AB_censier_0027,SSCO-AB_censier_0027,PERS,Rogerius canonicus,NOUVEAU,"— Rogerius canonicus, 16 d. pro domo que fuit Richerii presbiteri ; et pro domo Polinorum, 12 d."
SSCO-AB_censier_0027,SSCO-AB_censier_0027,PERS,Ansellus cantor,NOUVEAU,"— Ansellus cantor, 3 s. pro domo sua ; et pro domo luminaris, 6 d."
SSCO-AB_censier_0027,SSCO-AB_censier_p131_c27_8,LIEU,Domus Terrici capellani Sancti Blasii,NOUVEAU,"— Domus Terrici capellani Sancti Blasii, 18 d."
SSCO-AB_censier_0027,SSCO-AB_censier_p131_c27_8,LIEU,Domus matris R. episcopi Parisiensis,NOUVEAU,"— Domus matris R. episcopi Parisiensis, 12 d."
SSCO-AB_censier_0027,SSCO-AB_censier_p131_c27_8,LIEU,Domus Trinitatis,NOUVEAU,"— Domus Trinitatis, 2 s."
SSCO-AB_censier_0027,SSCO-AB_censier_p131_c27_8,LIEU,Domus capellani Sancti Thome,NOUVEAU,"— Domus capellani Sancti Thome, 3 s."
SSCO-AB_censier_0027,SSCO-AB_censier_p131_c27_8,LIEU,Domus domini J. de Ulmeio,NOUVEAU,"— Domus domini J. de Ulmeio, 3 s."
SSCO-AB_censier_0027,SSCO-AB_censier_p131_c27_8,LIEU,Domus duorum capellanorum Sancti Clementis,NOUVEAU,"— Domus duorum capellanorum Sancti Clementis, 8 d."
SSCO-AB_censier_0027,SSCO-AB_censier_p131_c27_8,LIEU,Domus capituli sequens que sunt Huberti capicerii,NOUVEAU,"— Domus capituli sequens que sunt Huberti capicerii, 16 d."
SSCO-AB_censier_0027,SSCO-AB_censier_p131_c27_8,LIEU,Domus altaris Sancte Crucis,NOUVEAU,"— Domus altaris Sancte Crucis, 3 s."
SSCO-AB_censier_0027,SSCO-AB_censier_p131_c27_8,LIEU,Domus altaris Beate Marie,NOUVEAU,"— Domus altaris Beate Marie pro domo sua usque ad aquam, 3 s."
SSCO-AB_censier_0027,SSCO-AB_censier_p131_c27_8,PERS,Item,NOUVEAU,"— Item, pro domuncula supra magnum vicum, 16 d."
SSCO-AB_censier_0027,SSCO-AB_censier_p131_c27_8,PERS,Item,NOUVEAU,"— Item, pro alia domuncula que fuit Brichardi, 3 d."
SSCO-AB_censier_0027,SSCO-AB_censier_p131_c27_8,LIEU,Domus altaris Sancti Petri,NOUVEAU,"— Domus altaris Sancti Petri, 14 d. pro domo."
SSCO-AB_censier_0027,SSCO-AB_censier_p131_c27_8,PERS,Item,NOUVEAU,"— Item pro domuncula super magnum vicum, 16 d."
SSCO-AB_censier_0027,SSCO-AB_censier_p131_c27_8,LIEU,Domus Albini,NOUVEAU,"— Domus Albini, 14 d."
SSCO-AB_censier_0027,SSCO-AB_censier_p131_c27_8,LIEU,Domus Sancti Blasii sequens,NOUVEAU,"— Domus Sancti Blasii sequens, 14 d. ; et pro pede capre, 6 d."
SSCO-AB_censier_0027,SSCO-AB_censier_p131_c27_8,LIEU,Domus Ade Coillart cum gradu,NOUVEAU,"— Domus Ade Coillart cum gradu, 31 d."
SSCO-AB_censier_0027,SSCO-AB_censier_p131_c27_8,LIEU,Domus + Johannis Monachi,NOUVEAU,"— Domus + Johannis Monachi, 2 s."
SSCO-AB_censier_0027,SSCO-AB_censier_p131_c27_8,PERS,Ysabel,NOUVEAU,"— Ysabel pro domo Rogeri carnificis, 8 d."
SSCO-AB_censier_0027,SSCO-AB_censier_p131_c27_8,PERS,Morel,NOUVEAU,"— Morel pro eadem domo, 8 d."
SSCO-AB_censier_0027,SSCO-AB_censier_p131_c27_8,PERS,Tibaudus Carnifex,NOUVEAU,"— Tibaudus Carnifex, 22 d. pro domo sua."
SSCO-AB_censier_0027,SSCO-AB_censier_p131_c27_8,PERS,Adam Caligarius,NOUVEAU,"— Adam Caligarius, 12 d. pro domo sua."
SSCO-AB_censier_0027,SSCO-AB_censier_p131_c27_8,LIEU,Domus Arnulphi cantoris,NOUVEAU,"— Domus Arnulphi cantoris, 8 d. pro stabulis quatuor."
SSCO-AB_censier_0027,SSCO-AB_censier_p131_c27_8,PERS,Guillelmus Haumer,NOUVEAU,"— Guillelmus Haumer, 12 d. pro domo sua."
SSCO-AB_censier_0027,SSCO-AB_censier_p131_c27_8,PERS,Marguarita de Granchia,NOUVEAU,"— Marguarita de Granchia, 12 d. pro domo."
SSCO-AB_censier_0027,SSCO-AB_censier_p131_c27_8,PERS,Item,NOUVEAU,"— Item, pro orto, 12 d."
SSCO-AB_censier_0027,SSCO-AB_censier_p131_c27_8,PERS,Item,NOUVEAU,"— Item, pro ruella, 6 d."
SSCO-AB_censier_0027,SSCO-AB_censier_p131_c27_8,LIEU,Domus Roberti Brichardi,NOUVEAU,"— Domus Roberti Brichardi, 4 s. 3 ob."
SSCO-AB_censier_0027,SSCO-AB_censier_p131_c27_8,LIEU,Domus refrectorii (sic),NOUVEAU,"— Domus refrectorii (sic), 18 d."
SSCO-AB_censier_0027,SSCO-AB_censier_p131_c27_8,LIEU,Domus que fuit Niquerel,NOUVEAU,"— Domus que fuit Niquerel, 9 d., que est capituli."
SSCO-AB_censier_0027,SSCO-AB_censier_p131_c27_8,PERS,Confratria,NOUVEAU,"— Confratria, 12 d. pro domibus que fuerunt Poilevant."
SSCO-AB_censier_0027,SSCO-AB_censier_p131_c27_8,PERS,Item,NOUVEAU,"— Item, pro domuncula que fuit Richeri Pion, 6 d."
SSCO-AB_censier_0027,SSCO-AB_censier_p132_c27_41,LIEU,Domus que fuit R. de Viriaco,NOUVEAU,"— Domus que fuit R. de Viriaco, 6 d."
SSCO-AB_censier_0027,SSCO-AB_censier_p132_c27_41,LIEU,Capellanus Sancti Dionisii,NOUVEAU,"— Capellanus Sancti Dionisii, 12 d. pro domo."
SSCO-AB_censier_0027,SSCO-AB_censier_p132_c27_41,PERS,Nicholaus Farsi,NOUVEAU,"— Nicholaus Farsi, 8 d. pro domo sua."
SSCO-AB_censier_0027,SSCO-AB_censier_p132_c27_41,LIEU,Capellanus Sancti Nicholai,NOUVEAU,"— Capellanus Sancti Nicholai, 3 d."
SSCO-AB_censier_0027,SSCO-AB_censier_p132_c27_41,LIEU,Domus Sancti Egidii,NOUVEAU,"— Domus Sancti Egidii, 6 d."
SSCO-AB_censier_0027,SSCO-AB_censier_p132_c27_41,LIEU,Domus prebende que fuit Auberti de Codreio,NOUVEAU,"— Domus prebende que fuit Auberti de Codreio, 8 d."
SSCO-AB_censier_0027,SSCO-AB_censier_p132_c27_41,LIEU,Domus liberorum Jaqueline la Bricharde,NOUVEAU,"— Domus liberorum Jaqueline la Bricharde, 3 s."
SSCO-AB_censier_0027,SSCO-AB_censier_p132_c27_41,PERS,Osanna Ceraria,NOUVEAU,"— Osanna Ceraria, 3 s. 9 d. pro domo sua."
SSCO-AB_censier_0027,SSCO-AB_censier_p132_c27_41,PERS,Soror episcopi R,NOUVEAU,"— Soror episcopi R., 12 d. pro domo."
SSCO-AB_censier_0027,SSCO-AB_censier_p132_c27_41,PERS,Renaudus Carpentarius,NOUVEAU,"— Renaudus Carpentarius, 4 d. ob. pro domo."
SSCO-AB_censier_0027,SSCO-AB_censier_p132_c27_41,PERS,Gaubertus,NOUVEAU,"— Gaubertus, 4 d. ob. pro domo sua."
SSCO-AB_censier_0027,SSCO-AB_censier_p132_c27_41,PERS,Gourdevant,NOUVEAU,"— Gourdevant, 3 d. pro domo."
SSCO-AB_censier_0027,SSCO-AB_censier_p132_c27_41,LIEU,Domus + Bertranni,NOUVEAU,"— Domus + Bertranni, 6 d."
SSCO-AB_censier_0027,SSCO-AB_censier_p132_c27_41,LIEU,Domus + Hamonis canonici,NOUVEAU,"— Domus + Hamonis canonici, 6 d."
SSCO-AB_censier_0028,SSCO-AB_censier_0028,PERS,Dominus Philipus de Joiaco de omnibus que habet ultra pontellum macerie,NOUVEAU,"— Dominus Philipus de Joiaco de omnibus que habet ultra pontellum macerie, 16 d."
SSCO-AB_censier_0028,SSCO-AB_censier_0028,LIEU,Domus que fuit Droconis Clamatoris,NOUVEAU,"— Domus que fuit Droconis Clamatoris, 8 d. pro jacteia super aquam."
SSCO-AB_censier_0028,SSCO-AB_censier_0028,LIEU,Domus J. Belli carnificis,NOUVEAU,"— Domus J. Belli carnificis, 4 d. ob. pro jacteia."
SSCO-AB_censier_0028,SSCO-AB_censier_0028,PERS,Bertaudus Jocelini,NOUVEAU,"— Bertaudus Jocelini, 9 d. pro domo."
SSCO-AB_censier_0028,SSCO-AB_censier_0028,PERS,Relicta Bertaudi prepositi,NOUVEAU,"— Relicta Bertaudi prepositi, 18 d. pro domo."
SSCO-AB_censier_0028,SSCO-AB_censier_0028,PERS,Relicta Hugonis Coillart,NOUVEAU,"— Relicta Hugonis Coillart, 18 d. pro domo."
SSCO-AB_censier_0028,SSCO-AB_censier_0028,PERS,Adam Pavator,NOUVEAU,"— Adam Pavator, 18 d. pro domo que fuit + Petri Jocelini."
SSCO-AB_censier_0028,SSCO-AB_censier_0028,LIEU,Domus Rolle Brillart,NOUVEAU,"— Domus Rolle Brillart, 1 d."
SSCO-AB_censier_0028,SSCO-AB_censier_0028,LIEU,Domus Marie Barbitonsorie,NOUVEAU,"— Domus Marie Barbitonsorie, 11 d."
SSCO-AB_censier_0028,SSCO-AB_censier_0028,LIEU,Domus Iahie Judei super vicum magnum,NOUVEAU,"— Domus Iahie Judei super vicum magnum, 3 s."
SSCO-AB_censier_0029,SSCO-AB_censier_0029,PERS,Girardus Cordarius,NOUVEAU,"— Girardus Cordarius, 13 d. ob."
SSCO-AB_censier_0029,SSCO-AB_censier_0029,PERS,Maria La Peletiere,NOUVEAU,"— Maria La Peletiere, 3 d."
SSCO-AB_censier_0029,SSCO-AB_censier_0029,PERS,Gilo dictus Marcellus,NOUVEAU,"— Gilo dictus Marcellus, 6 d."
SSCO-AB_censier_0029,SSCO-AB_censier_0029,PERS,Robertus des Broces,NOUVEAU,"— Robertus des Broces, 6 d."
SSCO-AB_censier_0029,SSCO-AB_censier_0029,PERS,Petrus Li Maçons,NOUVEAU,"— Petrus Li Maçons, 3 d."
SSCO-AB_censier_0029,SSCO-AB_censier_0029,PERS,Relicta Galteri Houdaart,NOUVEAU,"— Relicta Galteri Houdaart, 15 d."
SSCO-AB_censier_0029,SSCO-AB_censier_0029,PERS,Girardus Cavatarius,NOUVEAU,"— Girardus Cavatarius, 3 d."
SSCO-AB_censier_0029,SSCO-AB_censier_0029,PERS,Johannes dictus Gigot,NOUVEAU,"— Johannes dictus Gigot, 6 d."
SSCO-AB_censier_0029,SSCO-AB_censier_0029,PERS,Hugo Surdus,NOUVEAU,"— Hugo Surdus, 3 d."
SSCO-AB_censier_0029,SSCO-AB_censier_0029,PERS,Johannes Rufus,NOUVEAU,"— Johannes Rufus, 3 d."
SSCO-AB_censier_0029,SSCO-AB_censier_0029,PERS,Sedila dicta Pulcrum genus,NOUVEAU,"— Sedila dicta Pulcrum genus, 3 d."
SSCO-AB_censier_0029,SSCO-AB_censier_0029,PERS,Petrus Biaugendre,NOUVEAU,"— Petrus Biaugendre, 3 d."
SSCO-AB_censier_0029,SSCO-AB_censier_0029,PERS,Michael filius Sedile,NOUVEAU,"— Michael filius Sedile, 4 d. et obolum."
SSCO-AB_censier_0029,SSCO-AB_censier_0029,PERS,Robertus Pousemie,NOUVEAU,"— Robertus Pousemie, 3 ob."
SSCO-AB_censier_0029,SSCO-AB_censier_0029,PERS,Galterius Corvelier,NOUVEAU,"— Galterius Corvelier, 3 d."
SSCO-AB_censier_0029,SSCO-AB_censier_0029,PERS,Ferricus Doiart,NOUVEAU,"— Ferricus Doiart, 3 d."
SSCO-AB_censier_0029,SSCO-AB_censier_0029,PERS,Matheus (effacé),NOUVEAU,"— Matheus (effacé), 3 ob."
SSCO-AB_censier_0029,SSCO-AB_censier_0029,PERS,Relicta Roberti Normanni,NOUVEAU,"— Relicta Roberti Normanni, 5 s."
SSCO-AB_censier_0029,SSCO-AB_censier_0029,PERS,Gilo Haviart,NOUVEAU,"— Gilo Haviart, 1 d."
SSCO-AB_censier_0029,SSCO-AB_censier_0029,PERS,Johannes de Broces,NOUVEAU,"— Johannes de Broces, 3 d. (?)"
SSCO-AB_censier_0029,SSCO-AB_censier_p134_c29_22,PERS,Girardus de Villepaacle et sa filatre,NOUVEAU,"— Girardus de Villepaacle et sa filatre, 9 d."
SSCO-AB_censier_0029,SSCO-AB_censier_p134_c29_22,PERS,Odo des Broces,NOUVEAU,"— Odo des Broces, 10 d. picta minus."
SSCO-AB_censier_0029,SSCO-AB_censier_p134_c29_22,PERS,Nicholaus de Varatres,NOUVEAU,"— Nicholaus de Varatres, 9 d."
SSCO-AB_censier_0029,SSCO-AB_censier_p134_c29_22,PERS,Johannes de Genouli,NOUVEAU,"— Johannes de Genouli, 3 d."
SSCO-AB_censier_0029,SSCO-AB_censier_p134_c29_22,PERS,Guillelmus Ferrant,NOUVEAU,"— Guillelmus Ferrant, 6 d. et pictam."
SSCO-AB_censier_0029,SSCO-AB_censier_p134_c29_22,PERS,Adam Comes,NOUVEAU,"— Adam Comes, 6 d."
SSCO-AB_censier_0029,SSCO-AB_censier_p134_c29_22,PERS,Relicta Andree Cadot,NOUVEAU,"— Relicta Andree Cadot, 3 d."
SSCO-AB_censier_0029,SSCO-AB_censier_p134_c29_22,PERS,Robertus (efface),NOUVEAU,"— Robertus (efface), 6 d."
SSCO-AB_censier_0029,SSCO-AB_censier_p134_c29_22,PERS,Johannes Herbertus,NOUVEAU,"— Johannes Herbertus, 3 d."
SSCO-AB_censier_0029,SSCO-AB_censier_p134_c29_22,PERS,Bernardus de Varatres,NOUVEAU,"— Bernardus de Varatres, 3 d."
SSCO-AB_censier_0029,SSCO-AB_censier_p134_c29_22,PERS,Johannes Li Boiteus,NOUVEAU,"— Johannes Li Boiteus, 7 d. ob."
SSCO-AB_censier_0029,SSCO-AB_censier_p134_c29_22,PERS,Heimart de Moiri,NOUVEAU,"— Heimart de Moiri, 3 d."
SSCO-AB_censier_0029,SSCO-AB_censier_p134_c29_22,PERS,La Mureille,NOUVEAU,"— La Mureille, 3 ob."
SSCO-AB_censier_0029,SSCO-AB_censier_p134_c29_22,PERS,Guiardus Brubit et Johannes Ferrant,NOUVEAU,"— Guiardus Brubit et Johannes Ferrant, 6 d. pictam."
SSCO-AB_censier_0029,SSCO-AB_censier_p134_c29_22,PERS,Adam Jadais,NOUVEAU,"— Adam Jadais, 12 d."
SSCO-AB_censier_0029,SSCO-AB_censier_p134_c29_22,PERS,Johannes Morellus,NOUVEAU,"— Johannes Morellus, 9 d."
SSCO-AB_censier_0029,SSCO-AB_censier_p134_c29_22,PERS,Vincencius,NOUVEAU,"— Vincencius, 3 d."
SSCO-AB_censier_0029,SSCO-AB_censier_p134_c29_22,PERS,Thomas Idart,NOUVEAU,"— Thomas Idart, 10 d. ob."
SSCO-AB_censier_0029,SSCO-AB_censier_p134_c29_22,PERS,Guiardus de Varatres,NOUVEAU,"— Guiardus de Varatres, 3 d."
SSCO-AB_censier_0029,SSCO-AB_censier_p134_c29_22,PERS,Guillelmus Liécent,NOUVEAU,"— Guillelmus Liécent, 3 ob."
SSCO-AB_censier_0029,SSCO-AB_censier_p134_c29_22,PERS,Henricus Meaut,NOUVEAU,"— Henricus Meaut, 3 ob."
SSCO-AB_censier_0029,SSCO-AB_censier_p134_c29_22,PERS,Relicta Bertaudi de Tourailes,NOUVEAU,"— Relicta Bertaudi de Tourailes, 4 d."
SSCO-AB_censier_0029,SSCO-AB_censier_p134_c29_22,PERS,Légier Jadais,NOUVEAU,"— Légier Jadais, 6 d."
SSCO-AB_censier_0029,SSCO-AB_censier_p134_c29_22,PERS,Simon de Campania,NOUVEAU,"— Simon de Campania, 6 d."
SSCO-AB_censier_0029,SSCO-AB_censier_p134_c29_22,PERS,Simon (efface),NOUVEAU,"— Simon (efface), 3 ob."
SSCO-AB_censier_0029,SSCO-AB_censier_p134_c29_22,PERS,Adam Muriau,NOUVEAU,"— Adam Muriau, 3 ob."
SSCO-AB_censier_0029,SSCO-AB_censier_p134_c29_22,PERS,Bertaudus Belot,NOUVEAU,"— Bertaudus Belot, 3 d."
SSCO-AB_censier_0029,SSCO-AB_censier_p134_c29_22,PERS,Gervasius,NOUVEAU,"— Gervasius, 4 d. ob."
SSCO-AB_censier_0029,SSCO-AB_censier_p134_c29_22,PERS,Laia Cote,NOUVEAU,"— Laia Cote, 3 ob."
SSCO-AB_censier_0029,SSCO-AB_censier_p134_c29_22,PERS,Johannes Biaugendre,NOUVEAU,"— Johannes Biaugendre, 9 d. ob."
SSCO-AB_censier_0029,SSCO-AB_censier_p134_c29_22,PERS,Rolant Colse,NOUVEAU,"— Rolant Colse, 6 d. ob."
SSCO-AB_censier_0029,SSCO-AB_censier_p134_c29_22,PERS,Belon Reinjart,NOUVEAU,"— Belon Reinjart, 3 ob."
SSCO-AB_censier_0029,SSCO-AB_censier_p134_c29_22,PERS,Liberi Girardi Vérité,NOUVEAU,"— Liberi Girardi Vérité, 6 d."
SSCO-AB_censier_0029,SSCO-AB_censier_p135_c29_57,PERS,Johannes Doublier,NOUVEAU,"— Johannes Doublier, 7 d. ob."
SSCO-AB_censier_0029,SSCO-AB_censier_p135_c29_57,PERS,Robertus de Tourailes,NOUVEAU,"— Robertus de Tourailes, 3 d."
SSCO-AB_censier_0029,SSCO-AB_censier_p135_c29_57,PERS,Hersant la Brocarde,NOUVEAU,"— Hersant la Brocarde, 3 ob."
SSCO-AB_censier_0029,SSCO-AB_censier_p135_c29_57,PERS,Liberi Galteri Menoche,NOUVEAU,"— Liberi Galteri Menoche, 4 d. picta minus."
SSCO-AB_censier_0029,SSCO-AB_censier_p135_c29_57,PERS,Johannes Geubert et Avelot,NOUVEAU,"— Johannes Geubert et Avelot, 4 d."
SSCO-AB_censier_0029,SSCO-AB_censier_p135_c29_57,PERS,Item,NOUVEAU,"— Item, ille Johannes, 3 ob."
SSCO-AB_censier_0029,SSCO-AB_censier_p135_c29_57,PERS,Houdenon la Jeuberte,NOUVEAU,"— Houdenon la Jeuberte, 3 ob."
SSCO-AB_censier_0029,SSCO-AB_censier_p135_c29_57,PERS,Hiart (?) de Vilededon,NOUVEAU,"— Hiart (?) de Vilededon, 3 d."
SSCO-AB_censier_0029,SSCO-AB_censier_p135_c29_57,PERS,Heustachia de Leurseint,NOUVEAU,"— Heustachia de Leurseint, 4 d. picta minus."
SSCO-AB_censier_0029,SSCO-AB_censier_p135_c29_57,PERS,Trébuchet,NOUVEAU,"— Trébuchet, 3 ob."
SSCO-AB_censier_0029,SSCO-AB_censier_p135_c29_57,PERS,Rogerius Monachus,NOUVEAU,"— Rogerius Monachus, 7 d. ob."
SSCO-AB_censier_0029,SSCO-AB_censier_p135_c29_57,PERS,Petrus Lauvernat,NOUVEAU,"— Petrus Lauvernat, 7 d. ob."
SSCO-AB_censier_0029,SSCO-AB_censier_p135_c29_57,PERS,Droco de Villededon,NOUVEAU,"— Droco de Villededon, 3 d."
SSCO-AB_censier_0029,SSCO-AB_censier_p135_c29_57,PERS,Bernardus Figulus,NOUVEAU,"— Bernardus Figulus, 3 d."
SSCO-AB_censier_0029,SSCO-AB_censier_p135_c29_57,PERS,Li gendres Vincent,NOUVEAU,"— Li gendres Vincent, 3 d."
SSCO-AB_censier_0029,SSCO-AB_censier_p135_c29_57,PERS,Petrus Godefroi,NOUVEAU,"— Petrus Godefroi, 3 ob."
SSCO-AB_censier_0029,SSCO-AB_censier_p135_c29_57,PERS,Lambertus Godefroi,NOUVEAU,"— Lambertus Godefroi, 4 d. ob."
SSCO-AB_censier_0029,SSCO-AB_censier_p135_c29_57,PERS,Reginaldus Helisant,NOUVEAU,"— Reginaldus Helisant, 3 d."
SSCO-AB_censier_0029,SSCO-AB_censier_p135_c29_57,PERS,Richardus de Heitis,NOUVEAU,"— Richardus de Heitis, 3 d."
SSCO-AB_censier_0029,SSCO-AB_censier_p135_c29_57,PERS,Robertus de Neinvillé (?),NOUVEAU,"— Robertus de Neinvillé (?), 3 ob."
SSCO-AB_censier_0029,SSCO-AB_censier_p135_c29_57,PERS,Alein lo Fevre,NOUVEAU,"— Alein lo Fevre, 7 d. picta minus."
SSCO-AB_censier_0029,SSCO-AB_censier_p135_c29_57,PERS,Major de Paroi,NOUVEAU,"— Major de Paroi, 3 ob."
SSCO-AB_censier_0029,SSCO-AB_censier_p135_c29_57,PERS,Macellus,NOUVEAU,"— Macellus, 2 d."
SSCO-AB_censier_0029,SSCO-AB_censier_p135_c29_57,PERS,Stephanus Geubert,NOUVEAU,"— Stephanus Geubert, 4 d. picta minus."
SSCO-AB_censier_0029,SSCO-AB_censier_p135_c29_57,PERS,Stephanus Landri,NOUVEAU,"— Stephanus Landri, 3 d."
SSCO-AB_censier_0029,SSCO-AB_censier_p135_c29_57,PERS,Reginaldus des Broces,NOUVEAU,"— Reginaldus des Broces, 3 d."
SSCO-AB_censier_0029,SSCO-AB_censier_p135_c29_57,PERS,Aviart,NOUVEAU,"— Aviart, 3 d."
SSCO-AB_censier_0029,SSCO-AB_censier_p135_c29_57,PERS,Heimardus Jadais,NOUVEAU,"— Heimardus Jadais, 3 d."
SSCO-AB_censier_0029,SSCO-AB_censier_p135_c29_57,PERS,Robertus Orsian,NOUVEAU,"— Robertus Orsian, 4 d. ob."
SSCO-AB_censier_0029,SSCO-AB_censier_p135_c29_57,PERS,Haubertus Li Peletiers,NOUVEAU,"— Haubertus Li Peletiers, 3 d."
SSCO-AB_censier_0029,SSCO-AB_censier_p135_c29_57,PERS,Dominus Radulphus Episcopus,NOUVEAU,"— Dominus Radulphus Episcopus, 9 d."
SSCO-AB_censier_0029,SSCO-AB_censier_p135_c29_57,PERS,Stephanus li Modius et Radulphus,NOUVEAU,"— Stephanus li Modius et Radulphus, 9 d."
SSCO-AB_censier_0029,SSCO-AB_censier_p135_c29_57,PERS,Bertaudus,NOUVEAU,"— Bertaudus, 3 d."
SSCO-AB_censier_0029,SSCO-AB_censier_p136_c29_92,PERS,Simon Forgue,NOUVEAU,"— Simon Forgue, 3 d."
SSCO-AB_censier_0029,SSCO-AB_censier_p136_c29_92,PERS,Michael des Broces,NOUVEAU,"— Michael des Broces, 3 d. et ob."
SSCO-AB_censier_0029,SSCO-AB_censier_p136_c29_92,PERS,Hersant des Broces,NOUVEAU,"— Hersant des Broces, 3 d."
SSCO-AB_censier_0029,SSCO-AB_censier_p136_c29_92,PERS,Hersant Latuée,NOUVEAU,"— Hersant Latuée, 10 d. ob."
SSCO-AB_censier_0029,SSCO-AB_censier_p136_c29_92,PERS,Hisabel de Paroi,NOUVEAU,"— Hisabel de Paroi, 4 d. et pictam."
SSCO-AB_censier_0029,SSCO-AB_censier_p136_c29_92,PERS,Magister Hugo,NOUVEAU,"— Magister Hugo, 15 d."
SSCO-AB_censier_0029,SSCO-AB_censier_p136_c29_92,PERS,Clemens Poifo (?),NOUVEAU,"— Clemens Poifo (?), 6 d."
SSCO-AB_censier_0029,SSCO-AB_censier_p136_c29_92,PERS,Petrus Patouel,NOUVEAU,"— Petrus Patouel, 3 d."
SSCO-AB_censier_0029,SSCO-AB_censier_p136_c29_92,PERS,Dominus Nicholaus de Menesi,NOUVEAU,"— Dominus Nicholaus de Menesi, 3 d."
SSCO-AB_censier_0029,SSCO-AB_censier_p136_c29_92,PERS,Petrus ad dominas,NOUVEAU,"— Petrus ad dominas, 3 d."
SSCO-AB_censier_0029,SSCO-AB_censier_p136_c29_92,PERS,Richardus Goderau,NOUVEAU,"— Richardus Goderau, 3 d."
SSCO-AB_censier_0030,SSCO-AB_censier_0030,PERS,Domina de Guallande,NOUVEAU,"— Domina de Guallande, 7 d. super omnes terras arabiles quas hospites sui tenent apud Poulli."
SSCO-AB_censier_0030,SSCO-AB_censier_0030,PERS,Sanctus Lazarus de Meleduno,NOUVEAU,"— Sanctus Lazarus de Meleduno, 18 d. de sex arpentis vel circa."
SSCO-AB_censier_0030,SSCO-AB_censier_0030,PERS,Symon Menant,NOUVEAU,"— Symon Menant, 2 d. pro dimidio arpento."
SSCO-AB_censier_0030,SSCO-AB_censier_0030,PERS,Arnulphus de Yardo,NOUVEAU,"— Arnulphus de Yardo, 4 d. pro dimidio arpento."
SSCO-AB_censier_0030,SSCO-AB_censier_0030,PERS,Petrus Harduinus de Poulli,NOUVEAU,"— Petrus Harduinus de Poulli, 2 d. pro tribus quarteriis."
SSCO-AB_censier_0030,SSCO-AB_censier_0030,PERS,Guillelmus Hecelins,NOUVEAU,"— Guillelmus Hecelins, 4 d. pro arpento."
SSCO-AB_censier_0030,SSCO-AB_censier_0030,PERS,Guillelmus Verons,NOUVEAU,"— Guillelmus Verons, 6 d. pro tribus arpentis uno quarterio minus."
SSCO-AB_censier_0030,SSCO-AB_censier_p137_c30_9,PERS,Tibaudus de Limoges,NOUVEAU,"— Tibaudus de Limoges, 7 d. pro arpento."
SSCO-AB_censier_0030,SSCO-AB_censier_p137_c30_9,PERS,Adam de Ver,NOUVEAU,"— Adam de Ver, 2 d. pro arpento."
SSCO-AB_censier_0030,SSCO-AB_censier_p137_c30_9,PERS,Richardus Prepositus,NOUVEAU,"— Richardus Prepositus, 1 d. pro dimidio arpento."
SSCO-AB_censier_0030,SSCO-AB_censier_p137_c30_9,PERS,Eramburgis Preposita,NOUVEAU,"— Eramburgis Preposita, 2 d. pro arpento."
SSCO-AB_censier_0030,SSCO-AB_censier_p137_c30_9,PERS,Dyonisius Papillons,NOUVEAU,"— Dyonisius Papillons, 3 d. pro dimidio arpento."
SSCO-AB_censier_0030,SSCO-AB_censier_p137_c30_9,PERS,Emelina de Bordis,NOUVEAU,"— Emelina de Bordis, 3 d. pro arpento et dimidio."
SSCO-AB_censier_0030,SSCO-AB_censier_p137_c30_9,PERS,Guillelmus de Vasenon,NOUVEAU,"— Guillelmus de Vasenon, filius Symonis Bertranni, 2 d. pro quarterio et dimidio."
SSCO-AB_censier_0030,SSCO-AB_censier_p137_c30_9,PERS,Arnulphus Carpentarius,NOUVEAU,"— Arnulphus Carpentarius, 2 d. pro arpento."
SSCO-AB_censier_0030,SSCO-AB_censier_p137_c30_9,PERS,Petrus Prepositus,NOUVEAU,"— Petrus Prepositus, 1 d. pro dimidio arpento."
SSCO-AB_censier_0030,SSCO-AB_censier_p137_c30_9,PERS,Droco filius Theolbaldi Ligart,NOUVEAU,"— Droco filius Theolbaldi Ligart, 2 d. pro arpento."
SSCO-AB_censier_0030,SSCO-AB_censier_p137_c30_9,PERS,Johannes filius Richardi Menant,NOUVEAU,"— Johannes filius Richardi Menant, 6 d. pro duobus arpentis."
SSCO-AB_censier_0030,SSCO-AB_censier_p137_c30_9,PERS,Edelina relicta Stephani Ferrici,NOUVEAU,"— Edelina relicta Stephani Ferrici, 4 d. pro arpento."
SSCO-AB_censier_0030,SSCO-AB_censier_p137_c30_9,PERS,Johannes li Megeiciers de Meleduno,NOUVEAU,"— Johannes li Megeiciers de Meleduno, 4 d. pro arpento."
SSCO-AB_censier_0031,SSCO-AB_censier_0031,PERS,Altare Sancti Blasii habet unum arpentum vinee in territorio de Mauguarde in censiva capituli Sancti Exuperii de cujus emptione habet litteras,NOUVEAU,— Altare Sancti Blasii habet unum arpentum vinee in territorio de Mauguarde in censiva capituli Sanc
SSCO-AB_censier_0031,SSCO-AB_censier_p138_c31_4,PERS,Item altare Sancti Blasii habet duo arpenta vinee in territorio de Cocigniaco in censiva domini [de] Ulmeio de quibus habet litteras,NOUVEAU,— Item altare Sancti Blasii habet duo arpenta vinee in territorio de Cocigniaco in censiva domini [d
SSCO-AB_censier_0031,SSCO-AB_censier_p139_c31_8,PERS,Altare Sancti Blasii habet unum arpentum vinee apud Seintriacum de quo habet litteras,NOUVEAU,— Altare Sancti Blasii habet unum arpentum vinee apud Seintriacum de quo habet litteras.
SSCO-AB_censier_0031,SSCO-AB_censier_p140_c31_13,PERS,Item altare Sancti Blasii habet decimam de Lers,NOUVEAU,"— Item altare Sancti Blasii habet decimam de Lers, de qua habet litteras."
SSCO-AB_censier_0031,SSCO-AB_censier_p141_c31_19,PERS,Item,NOUVEAU,"— Item, idem habet in claustro duas domos in censiva capituli et unam plateam similiter in eadem cen"
SSCO-AB_censier_0031,SSCO-AB_censier_p141_c31_19,PERS,Item,NOUVEAU,"— Item, idem habet quamdam domum in magno vico in censiva capituli Beati Exuperii."
SSCO-AB_censier_0032,SSCO-AB_censier_0032,PERS,Matutine habent super nemo a nostra de Villedudone,NOUVEAU,— Matutine habent super nemo a nostra de Villedudone 6 libras Parisiensium quarum distribucio incipi
SSCO-AB_censier_0032,SSCO-AB_censier_0032,PERS,Item matutine habent,NOUVEAU,"— Item matutine habent, sicut quidam dicunt, in nemoribus nestris quamdam peciam nemoris que vocatur"
SSCO-AB_censier_0032,SSCO-AB_censier_0032,PERS,Item matutine habent super vineas de Braatel,NOUVEAU,"— Item matutine habent super vineas de Braatel 39 solidos Parisiensium, de quibus capitulum Beate Ma"
SSCO-AB_censier_0032,SSCO-AB_censier_0032,PERS,Item matutine habent super domum Helyot que est supra magnum vicum in fine refectorii,NOUVEAU,— Item matutine habent super domum Helyot que est supra magnum vicum in fine refectorii 50 solidos s
SSCO-AB_censier_0032,SSCO-AB_censier_0032,PERS,Item matutine habent super domum Ade Coillart in maceria,NOUVEAU,"— Item matutine habent super domum Ade Coillart in maceria, que domus dicitur domus Guiberti Maderin"
SSCO-AB_censier_0032,SSCO-AB_censier_p142_c32_7,PERS,Item matutine habent quintum Reginaldi de Cramoello,NOUVEAU,"— Item matutine habent quintum Reginaldi de Cramoello, canonici quondam hujus Ecclesie, situm apud V"
SSCO-AB_censier_0032,SSCO-AB_censier_p142_c32_7,PERS,Si aliquis canonicus non fecerit stagium suum per octo menses prout tenetur per juramentum suum singulis annis,NOUVEAU,— Si aliquis canonicus non fecerit stagium suum per octo menses prout tenetur per juramentum suum si
SSCO-AB_censier_0032,SSCO-AB_censier_p142_c32_7,PERS,Item matutine habent locaciones domorum quas Bertrannus diaconus dedit,NOUVEAU,"— Item matutine habent locaciones domorum quas Bertrannus diaconus dedit, que valent circiter 40 sol"
SSCO-AB_censier_0032,SSCO-AB_censier_p142_c32_7,PERS,Item matutine habent super sex arpenta terre arabilis apud Montem Renardi juxta Nagiacum,NOUVEAU,— Item matutine habent super sex arpenta terre arabilis apud Montem Renardi juxta Nagiacum 14 solido
SSCO-AB_censier_0033,SSCO-AB_censier_0033,PERS,Apud Villam Dudonem,NOUVEAU,"— Apud Villam Dudonem, 38 arpenta terre arabilis cum herberguagio que valent in admodiacione 28 sext"
SSCO-AB_censier_0033,SSCO-AB_censier_0033,PERS,Item distribucio panis in quadragesima habet apud Echercon,NOUVEAU,— Item distribucio panis in quadragesima habet apud Echercon 4 libras annui redditus videlicet in ce
SSCO-AB_censier_0033,SSCO-AB_censier_p144_c33_4,PERS,Item distribucio panis quadragesimalis habet quintum Guillelmi de Chancolia,NOUVEAU,"— Item distribucio panis quadragesimalis habet quintum Guillelmi de Chancolia, clerici, videlicet un"
SSCO-AB_censier_0033,SSCO-AB_censier_p144_c33_4,PERS,Item distribucio panis habet de dono magistri Hamonis,NOUVEAU,"— Item distribucio panis habet de dono magistri Hamonis, canonici, arpentum et dimidium vinee apud S"
SSCO-AB_censier_0033,SSCO-AB_censier_p144_c33_4,PERS,Item panis quadragesime habet super denarios de Milliaco qui sunt thesauro,NOUVEAU,— Item panis quadragesime habet super denarios de Milliaco qui sunt thesauro 20 libras ad ampliandum
SSCO-AB_censier_0033,SSCO-AB_censier_p144_c33_4,PERS,Item panis habet in thesauro,NOUVEAU,"— Item panis habet in thesauro 8 libras de vinea vendita que fuit Bertranni, diaconi, quam dedit ad "
SSCO-AB_censier_0033,SSCO-AB_censier_p144_c33_4,PERS,Item panis habet,NOUVEAU,"— Item panis habet 20 libras Parisiensium que debent esse in thesauro, quas dominus Hernaudus de Moi"
SSCO-AB_censier_0033,SSCO-AB_censier_p144_c33_4,PERS,Item panis quadragesimalis debet habere,NOUVEAU,— Item panis quadragesimalis debet habere 90 libras Parisiensium quas Reginaldus de Sauceto dedit ec
SSCO-AB_censier_0034,SSCO-AB_censier_0034,PERS,Distribucio piscium in quadragesima habet apud Soisiacum super Scolam campipartem de Monte Escouve ; item in eadem terra tres dreturas et unum quarterium ; item de eadem,NOUVEAU,— Distribucio piscium in quadragesima habet apud Soisiacum super Scolam campipartem de Monte Escouve
SSCO-AB_censier_0034,SSCO-AB_censier_0034,PERS,Distribucio piscis habet apud Balencuriam duas dreturas et dimidiam,NOUVEAU,"— Distribucio piscis habet apud Balencuriam duas dreturas et dimidiam, et campipartem cujusdam terre"
SSCO-AB_censier_0034,SSCO-AB_censier_0034,PERS,Item distribucio piscis habet apud Sacrum Portum,NOUVEAU,"— Item distribucio piscis habet apud Sacrum Portum 14 solidos minuti census in die Brandonum, et in "
SSCO-AB_censier_0034,SSCO-AB_censier_0034,PERS,Item distribucio piscis habet apud Perrolium unum sextarium bladi,NOUVEAU,— Item distribucio piscis habet apud Perrolium unum sextarium bladi.
SSCO-AB_censier_0035,SSCO-AB_censier_p146_c35_2,PERS,Item refectorium habet juxta crucem Lemovicensis,NOUVEAU,"— Item refectorium habet juxta crucem Lemovicensis 4 quarteria vinearum, que vinea dicitur vinea de "
SSCO-AB_censier_0035,SSCO-AB_censier_p146_c35_2,PERS,Item refectorium habet apud Santriacum duo arpenta vinearum juxta viam que ducit ad Furcas,NOUVEAU,"— Item refectorium habet apud Santriacum duo arpenta vinearum juxta viam que ducit ad Furcas, que vi"
SSCO-AB_censier_0035,SSCO-AB_censier_p146_c35_2,PERS,Item refectorium habet apud Tartaret,NOUVEAU,"— Item refectorium habet apud Tartaret, juxta granchiam Ludovici, 3 arpenta vinearum que dicuntur Le"
SSCO-AB_censier_0035,SSCO-AB_censier_p146_c35_2,PERS,Item refectorium habet versus cimiterium excommunicatorum duo arpenta vinearum que dicuntur Runcavete,NOUVEAU,— Item refectorium habet versus cimiterium excommunicatorum duo arpenta vinearum que dicuntur Runcav
SSCO-AB_censier_0035,SSCO-AB_censier_p146_c35_2,PERS,Item refectorium habet apud Perreium arpentum et dimidium vinee,NOUVEAU,"— Item refectorium habet apud Perreium arpentum et dimidium vinee, in censiva capituli."
SSCO-AB_censier_0035,SSCO-AB_censier_p146_c35_2,PERS,Item refectorium habet super villam que dicitur Vallis quinque arpenta et dimidium vinearum,NOUVEAU,"— Item refectorium habet super villam que dicitur Vallis quinque arpenta et dimidium vinearum, que d"
SSCO-AB_censier_0035,SSCO-AB_censier_p146_c35_2,PERS,Item refectorium habet ultra Leprosoriam,NOUVEAU,"— Item refectorium habet ultra Leprosoriam, secus magnam viam, duo arpenta vinee et dimidium, que di"
SSCO-AB_censier_0035,SSCO-AB_censier_p146_c35_2,PERS,Item refectorium habet apud Cuichete (?) tria arpenta vinearum,NOUVEAU,— Item refectorium habet apud Cuichete (?) tria arpenta vinearum.
SSCO-AB_censier_0035,SSCO-AB_censier_p146_c35_2,PERS,Item refectorium habet juxta pratum Auberti in rotulo de Vignon duo arpenta vinee,NOUVEAU,"— Item refectorium habet juxta pratum Auberti in rotulo de Vignon duo arpenta vinee, in duabus pecii"
SSCO-AB_censier_0035,SSCO-AB_censier_p147_c35_13,PERS,Refectorium habet ibidem arpentum et dimidium vinee que dicitur La Fosse,NOUVEAU,— Refectorium habet ibidem arpentum et dimidium vinee que dicitur La Fosse.
SSCO-AB_censier_0035,SSCO-AB_censier_p147_c35_13,PERS,Item refectorium habet super vineas de Vignon dimidium arpentum vinee que dicitur Frileuse,NOUVEAU,"— Item refectorium habet super vineas de Vignon dimidium arpentum vinee que dicitur Frileuse, in cen"
SSCO-AB_censier_0035,SSCO-AB_censier_p147_c35_13,PERS,Item refectorium habet juxta pressorium de Vignon quoddam arpentum vinee quod dicitur arpentum de pressorio,NOUVEAU,— Item refectorium habet juxta pressorium de Vignon quoddam arpentum vinee quod dicitur arpentum de 
SSCO-AB_censier_0035,SSCO-AB_censier_p147_c35_13,PERS,Item refectorium habet apud Vignon,NOUVEAU,"— Item refectorium habet apud Vignon, juxta vineam altaris Sancti Johannis Baptiste, unum arpentum v"
SSCO-AB_censier_0035,SSCO-AB_censier_p147_c35_13,PERS,Item refectorium habet apud Tartaret,NOUVEAU,"— Item refectorium habet apud Tartaret, sub clauso canonicorum, duo arpenta vinee que dicitur La Tra"
