direction,xml:id,rs_text,signaux,nb_signaux
PERSONNES→lieu?,SMPA-AB-01_rs_1664,"Notre-Dame de la Roche (abbaye de), Aug., Yvelines, arrondissement de Rambouillet, canton de Chevreuse, commune de Lévis-Saint-Nom; — son fondateur",commune;abbaye;canton/arrond,3
PERSONNES→lieu?,SMPA-AB-01_rs_2636,"Yverneaux (abbaye d’), Aug., Seine-et-Marne, arrondissement de Melun, canton de Brie-Comte-Robert, commune de Lésigny,",commune;abbaye;canton/arrond,3
PERSONNES→lieu?,SMPA-AB-01_rs_0001,"A la Peletere (fief dit), dans la paroisse de Galluis, relevant du comte de Montfort",paroisse;fief/censive,2
PERSONNES→lieu?,SMPA-AB-01_rs_0206,"Barbeau (abbaye Notre-Dame de), O.C., arrondissement de Melun, canton du Châtelet-en-Brie, commune de Fontaine-le-Port, d’abord établie à Seine-Port, arrondissement de Melun, canto",commune;canton/arrond,2
PERSONNES→lieu?,SMPA-AB-01_rs_0321,"Bonlieu (abbaye Notre-Dame de), O.C., Gironde, arrondissement de Bordeaux, canton et commune de Carbon-Blanc, de Bono Loco,",commune;canton/arrond,2
PERSONNES→lieu?,SMPA-AB-01_rs_0323,"Boquem (abbaye Notre-Dame de), O.C., Côtes-d’Armor, arrondissement de Dinan, canton et commune de Jugon,",commune;canton/arrond,2
PERSONNES→lieu?,SMPA-AB-01_rs_0362,"Breuil (fief du), dans la paroisse de Galluis, relevant du comte de Montfort, sans doute le Breuil de Garencières, Bruolium",paroisse;fief/censive,2
PERSONNES→lieu?,SMPA-AB-01_rs_0482,"Chapelle-Saint-Magloire (La), Loiret, arrondissement d’Orléans, canton d’Artenay, commune de Chevilly,",commune;canton/arrond,2
PERSONNES→lieu?,SMPA-AB-01_rs_0510,"Châteaufort, Essonne, arrondissement de Palaiseau, canton de Bièvres, Castrum Forte; — prieuré Saint-Christophe, au diocèse de Paris relevant de l’abbaye de Bourgueil",abbaye;canton/arrond,2
PERSONNES→lieu?,SMPA-AB-01_rs_0640,"Déluge (Le), Essonne, arrondissement de Palaiseau, canton de Limours, commune de Marcoussis, Diluvium, Dilugium,",commune;canton/arrond,2
PERSONNES→lieu?,SMPA-AB-01_rs_0741,"Fécamp (abbaye de la Sainte Trinité de), O.S.B., Seine-Maritime, arrondissement du Havre, abbé, abbas Fiscannensis,",abbaye;canton/arrond,2
PERSONNES→lieu?,SMPA-AB-01_rs_0990,"Groes (les), lieu-dit entre Montmartre et le Roule, dans la censive de Sainte-Opportune",village/hameau;fief/censive,2
PERSONNES→lieu?,SMPA-AB-01_rs_1051,"Haie de Blarim, lieu-dit de Rambouillet, peut-être fief de la Haie de Blairon, Haya de Blarim",village/hameau;fief/censive,2
PERSONNES→lieu?,SMPA-AB-01_rs_1076,"Haute-Bruyère (abbaye Notre-Dame de), Font., Yvelines, arrondissement de Rambouillet, canton de Chevreuse, commune de Saint-Rémy-l’Honoré, Alta Brueria,",commune;canton/arrond,2
PERSONNES→lieu?,SMPA-AB-01_rs_1205,"Image Notre-Dame (maison à l’enseigne de l’), hôtel de l’abbaye du Val-Notre-Dame, rue de Hueleu",abbaye;rue/chemin,2
PERSONNES→lieu?,SMPA-AB-01_rs_1243,"Jard (abbaye Saint-Jeandu), d’abord installée à Passy, puis transférée au Jard, Aug., Seine-et-Marne, arrondissement de Melun, canton de Melun-Nord, commune du Vert-Saint-Denis,",commune;canton/arrond,2
PERSONNES→lieu?,SMPA-AB-01_rs_1296,"Josaphat (abbaye Notre-Dame de), O.S.B., Eure-et-Loir, arrondissement de Chartres, canton de Mainvilliers, commune de Lèves; — (acte passé à)",commune;canton/arrond,2
PERSONNES→lieu?,SMPA-AB-01_rs_1344,"Lieutel (fief du), dans la paroisse de Galluis, relevant du comte de Montfort, Luatellum",paroisse;fief/censive,2
PERSONNES→lieu?,SMPA-AB-01_rs_1458,"Marmoutier (abbaye Saint-Martin de), O; S.B., Indre-et-Loire, arrondissement et canton de Tours, commune de Sainte-Radegonde, Majus Monasterium,",commune;canton/arrond,2
PERSONNES→lieu?,SMPA-AB-01_rs_1542,"Monceau (Le), Loiret, arrondissement d’Orléans, canton de Cléry-Saint-André, commune de Dry, Moncellus,",commune;canton/arrond,2
PERSONNES→lieu?,SMPA-AB-01_rs_1577,"Montibeuf, lieu-dit de Charonne, actuellement rue des Montibœufs, Paris, 20earrondissement, Montibuef,",village/hameau;rue/chemin,2
PERSONNES→lieu?,SMPA-AB-01_rs_1616,"Mulleron, hameau de la commune de Janvry",commune;village/hameau,2
PERSONNES→lieu?,SMPA-AB-01_rs_1665,"Notre-Dame-des-Champs (prieuré de), dépendant de l’abbaye de Marmoutier, à Paris, Sancte Marie ecclesia [que] sita est in Campis; — censive",abbaye;fief/censive,2
PERSONNES→lieu?,SMPA-AB-01_rs_1703,"Ormes (les), lieu-dit de Charonne, à l’emplacement actuel de la rue des Ormeaux, Paris, 20earrondissement,",village/hameau;rue/chemin,2
PERSONNES→lieu?,SMPA-AB-01_rs_1792,"Perdriel (fief), dans la paroisse de Galluis, relevant du comte de Montfort",paroisse;fief/censive,2
PERSONNES→lieu?,SMPA-AB-01_rs_1904,"Pont-la-Reine, Seine-Saint-Denis, arrondissement de Bobigny, canton du Bourget, commune de Drancy; — maladrerie (?), peut-être confusion avec la maladrerie de Bourg-la-Reine, Hauts",commune;canton/arrond,2
PERSONNES→lieu?,SMPA-AB-01_rs_1916,"Port-Royal (abbaye Notre-Dame de), O.C., Yveline, arrondissement de Rambouillet, canton de Chevreuse, commune de Magny-les-Hameaux, Porreis,",commune;canton/arrond,2
PERSONNES→lieu?,SMPA-AB-01_rs_1938_1,"Queue son fief, sur la paroisse de Galluis",paroisse;fief/censive,2
PERSONNES→lieu?,SMPA-AB-01_rs_2030,"Rivet (abbaye Sainte-Marie du), O.C., Gironde, arrondissement de Langon, canton et commune d’Auros, de Ribeto in Wasconia,",commune;canton/arrond,2
PERSONNES→lieu?,SMPA-AB-01_rs_2064,"Roche (abbaye Notre-Dame de la), Aug., Yvelines, arrondissement de Rambouillet, canton de Chevreuse, commune de Levis-Saint-Nom, Beata Maria de Rosca,",commune;canton/arrond,2
PERSONNES→lieu?,SMPA-AB-01_rs_2088,"Rosny-sous-Bois, Seine-Saint-Denis, arrondissement de Bobigny; — censive du chapitre Notre-Dame",canton/arrond;fief/censive,2
PERSONNES→lieu?,SMPA-AB-01_rs_2104,"Rougemont, ancien lieu-dit de la paroisse de Machault, in territorio de Rubeo Monte",paroisse;village/hameau,2
PERSONNES→lieu?,SMPA-AB-01_rs_2134,"Saint-Benoît[-sur-Loire] (abbaye de), O.S.B., anciennement de Fleury-sur-Loire, Loiret, arrondissement d’Orléans, canton d’Ouzouer-sur-Loire; — abbé",abbaye;canton/arrond,2
PERSONNES→lieu?,SMPA-AB-01_rs_2216,"Saint-Martin d’Ez, prieuré de Saint-Magloire, cédé par la suite à l’abbaye Saint-Martin de Pontoise, Oise, arrondissement de Beauvais, canton et commune de Chaumont-en-Vexin, eccle",commune;canton/arrond,2
PERSONNES→lieu?,SMPA-AB-01_rs_2218,"Saint-Maur-des-Fossés, Val-de-Marne, arrondissement de Créteil; — abbaye Saint-Pierre-et-Saint-Maur, réunie à l’évêché de Paris en 1533, abbaye des Fossés, Sancti Mauri Fossatensis",abbaye;canton/arrond,2
PERSONNES→lieu?,SMPA-AB-01_rs_2325,"Savigny, Manche, arrondissement de Coutances; — abbaye de la Sainte Trinité, O.S.B.; abbé",abbaye;canton/arrond,2
PERSONNES→lieu?,SMPA-AB-01_rs_2509,"Val-Notre-Dame (abbaye du), O.C., Val d’Oise, arrondissement de Pontoise, canton de L’Isle-Adam,",abbaye;canton/arrond,2
PERSONNES→lieu?,SMPA-AB-01_rs_2520,"Vaux-de-Cernay (abbaye Notre-Dame des), O.C., Yvelines, arrondissement de Rambouillet, canton de Chevreuse, commune de Cernay-la-Ville, Vallium Sarnaii abbas et conventus,",commune;canton/arrond,2
PERSONNES→lieu?,SMPA-AB-03_rs_2745,"Rues et chaussées, voir Arbre Sec, Aubry le Boucher, Autriche, Baudoin Prendgage, Béthisy, Bourdonnais, Bourg-l’Abbé, Canettes, Cerf, Chanvrerie, Chartron, Cherche-Midi, Clos Brune",fief/censive;rue/chemin,2
LIEUX→personne?,NDCH-EG_rs_5990,"Rollo, dux Normannorum",titre-laïc,1
LIEUX→personne?,NDCH-EG_rs_6285,"Suzanne, sœur de Raoul le Plombier",fr-parenté,1
LIEUX→personne?,NDMA-AB_rs_280,"Eufémie, femme de J. du Bois",fr-parenté,1
LIEUX→personne?,SAPC-AB_rs_0107,"Aquillina, foresta –.forêt d'Yveline, dite aujourd'hui de Rambouillet,",dit/surnom,1
LIEUX→personne?,SAPC-AB_rs_0193,"Boteraie, Bote Roie apud Sarceliam: lieu-dit à Sarcelles, Val-d'Oise, arr. Montmorency, ch.-l. cant. et comm. Sarcelles,",dit/surnom,1
LIEUX→personne?,SAPC-AB_rs_0246,"Chevenes: lieu-dit, à côté de Beaumont-sur-Oise, arr. cant",dit/surnom,1
LIEUX→personne?,SAPC-AB_rs_0370,"Fossa Iboudi, Fousibout apud Luperas: lieu-dit de Louvres, Val-d'Oise, arr. Montmorency, cant. Goussainville, comm. Louvres,",dit/surnom,1
LIEUX→personne?,SAPC-AB_rs_0691,"Luat (Le), in parrochia Mosterelli, prope Savigniacum, apud Alnetum (lieu-dit de Montreuil): Le Luat, Seine-Saint-Denis, arr. Bobigny, eant, et comm. Montreuil,",dit/surnom,1
LIEUX→personne?,SAPC-AB_rs_0703,"Mala Domus: lieu-dit de Gonesse, Val-d'Oise, arr. Montmorency, ch.-l. eant.",dit/surnom,1
LIEUX→personne?,SAPC-AB_rs_0941,"Pons David, Pontdavi, apud Alnetum, ex parte Livriaci: lieu-dit d'Aulnay-sous-Bois, Seine-Saint-Denis, arr. Le Raincy, cant. Aulnay-sous-Bois,",dit/surnom,1
LIEUX→personne?,SCOR-EG_rs_1247,"GudumIl y a, dans la commune de Saint-Jean-de-Braye, un lieu dit Gode. Est-ce lui ??",dit/surnom,1
LIEUX→personne?,SCOR-EG_rs_2399,"RofiacusIl est probable qu'il s'agit de Ruffec, canton du Blanc (Indre). Ct. p.81--> : il est dit in pago Biturico.",dit/surnom,1
LIEUX→personne?,SLES-PR_rs_0105,"Arnoul, fils d'Oudard",fr-parenté,1
LIEUX→personne?,SLES-PR_rs_0106,"Arnoul, fils de Renard",fr-parenté,1
LIEUX→personne?,SLES-PR_rs_0110,"Arnoul, serviteur du prieuré, qu'il faut peut-être identifier avec Arnoul, fils de Renard",fr-parenté,1
LIEUX→personne?,SLES-PR_rs_0299,"Breuil, lieu dit de S. Leu",dit/surnom,1
LIEUX→personne?,SLES-PR_rs_0479,"Couture S. Martin, lieu dit à S. Leu",dit/surnom,1
LIEUX→personne?,SLES-PR_rs_0481,"Cramoisy, L'Epine, lieu dit",dit/surnom,1
LIEUX→personne?,SLES-PR_rs_0621,"Epine (l'), lieu dit de S. Leu",dit/surnom,1
LIEUX→personne?,SLES-PR_rs_0923,"Houdeier, Champ., lieu dit de S. Leu",dit/surnom,1
LIEUX→personne?,SLES-PR_rs_1138,"Momicourt, lieu dit à Dammartin",dit/surnom,1
LIEUX→personne?,SLES-PR_rs_1272,"Pin (le), lieu dit de Villers-S.-Paul",dit/surnom,1
LIEUX→personne?,SMPA-AB-02_rs_0410,"Boulie (La), lieu-dit de Buc",dit/surnom,1
LIEUX→personne?,SMPA-AB-02_rs_0514,"Buc, Seine-et-Oise, arr. de Versailles, cant. de Versailles-sud; lieu-dit voir Boulie; — dîme",dit/surnom,1
LIEUX→personne?,SMPA-AB-02_rs_0517,"Buisson (le), lieu-dit de Galluis",dit/surnom,1
LIEUX→personne?,SMPA-AB-02_rs_0591,"Chailles, lieu-dit de Rueil, Chaillouel",dit/surnom,1
LIEUX→personne?,SMPA-AB-02_rs_0678,"« Chauciee de l’Estanc » (la), lieu-dit de Bailly",dit/surnom,1
LIEUX→personne?,SMPA-AB-02_rs_0748,"Clos Rocelin (le), plus tard les Rasselins, lieu-dit de Charonne, aujourd’hui Paris, 20e arr.",dit/surnom,1
LIEUX→personne?,SMPA-AB-02_rs_0749,"Closiau Saint-Antoine, lieu-dit de Charonne",dit/surnom,1
LIEUX→personne?,SMPA-AB-02_rs_0750,"Closiaus (Es), lieu-dit de Morsang-sur-Orge",dit/surnom,1
LIEUX→personne?,SMPA-AB-02_rs_0764,"Cognier (le), lieu-dit de Machault, le Coignier",dit/surnom,1
LIEUX→personne?,SMPA-AB-02_rs_0837,"Cortis (Es), lieu-dit de Morsang-sur-Orge",dit/surnom,1
LIEUX→personne?,SMPA-AB-02_rs_1053,"Farfaigne (la), lieu-dit d’Ivry",dit/surnom,1
LIEUX→personne?,SMPA-AB-02_rs_1094,"Fontainne Saint Vincent (la), lieu-dit d’Issy",dit/surnom,1
LIEUX→personne?,SMPA-AB-02_rs_1101,"Forêt (La), lieu-dit de Versailles, La Forest",dit/surnom,1
LIEUX→personne?,SMPA-AB-02_rs_1109,"Fosse (A la), lieu-dit de Morsang-sur-Orge",dit/surnom,1
LIEUX→personne?,SMPA-AB-02_rs_1168,"Garenne (la), lieu-dit de Charonne, aujourd’hui Paris 20e arr., Garenna",dit/surnom,1
LIEUX→personne?,SMPA-AB-02_rs_1288,"Grant Ajou (ou), lieu-dit d’Ivry",dit/surnom,1
LIEUX→personne?,SMPA-AB-02_rs_1307,"Griesches (les), lieu-dit [du Chapuis]",dit/surnom,1
LIEUX→personne?,SMPA-AB-02_rs_1314,"Grosse Pierre (La), lieu-dit de Vicq, Campus Grossi Lapidis",dit/surnom,1
LIEUX→personne?,SMPA-AB-02_rs_1428,"Haya Morardi, lieu-dit de Galluis",dit/surnom,1
LIEUX→personne?,SMPA-AB-02_rs_1954,"Masure Choucet (la), Masura Coufet, lieu-dit de Charonne, aujourd’hui Paris, 20e arr.",dit/surnom,1
LIEUX→personne?,SMPA-AB-02_rs_2033,"Mézières, lieu-dit de Charonne, aujourd’hui Paris, XXe arr., Meisieres, Mesieres, Messieres",dit/surnom,1
LIEUX→personne?,SMPA-AB-02_rs_2036,"Mibray, lieu-dit sur la Seine, à la hauteur du futur Pont Notre-Dame, Mibray, Mibray desouz la Peleterie; justice tréfoncière de Saint-Victor sur un moulin",dit/surnom,1
LIEUX→personne?,SMPA-AB-02_rs_2052,"Millepas, lieu-dit d’Ivry-sur-Seine, Millepassus",dit/surnom,1
LIEUX→personne?,SMPA-AB-02_rs_2060,"Minomé, lieu-dit de Vicq, Minoniers, Menoniers",dit/surnom,1
LIEUX→personne?,SMPA-AB-02_rs_2108,"Montibeuf, lieu-dit de Charonne, aujourd’hui Montibœufs, Paris, 20e arr.",dit/surnom,1
LIEUX→personne?,SMPA-AB-02_rs_2119,"Mont Valérien, Seine, lieu-dit de Suresnes, ancien lieu-dit de Rueil",dit/surnom,1
LIEUX→personne?,SMPA-AB-02_rs_2140,"Moulins aux Juifs (les), ancien lieu-dit à proximité de la rue de la Tannerie, Moulins aus Juis",dit/surnom,1
LIEUX→personne?,SMPA-AB-02_rs_2163,"Murgerium defuncti Petri des Marays (Ad), lieu-dit de Morsang-sur-Orge",dit/surnom,1
LIEUX→personne?,SMPA-AB-02_rs_2164,"Murgier feu Robert (le), Ad murgerium defuncti Roberti le Mere, lieu-dit de Morsang-sur-Orge",dit/surnom,1
LIEUX→personne?,SMPA-AB-02_rs_2203,"Nicot (terra de), lieu-dit de Saint-Léger-en-Laye",dit/surnom,1
LIEUX→personne?,SMPA-AB-02_rs_2262,"Orme Gautier (l’), ancien lieu-dit de Charonne, Ourme Gautier",dit/surnom,1
LIEUX→personne?,SMPA-AB-02_rs_2418,"Perray (Le), lieu-dit de Morsang-sur-Orge, le Perrons",dit/surnom,1
LIEUX→personne?,SMPA-AB-02_rs_2456,"Petiz [Ajou], lieu-dit d’Ivry-sur-Seine",dit/surnom,1
LIEUX→personne?,SMPA-AB-02_rs_2515,"Plante (la), lieu-dit du Chapuis",dit/surnom,1
LIEUX→personne?,SMPA-AB-02_rs_2535,"Pointe (A la), lieu-dit de Morsang-sur-Orge",dit/surnom,1
LIEUX→personne?,SMPA-AB-02_rs_2587,"Pratum Minutum (Ad), lieu-dit de Morsang-sur-Orge",dit/surnom,1
LIEUX→personne?,SMPA-AB-02_rs_2588,"Pratum super Orgia (Ad), lieu-dit de Morsang-sur-Orge",dit/surnom,1
LIEUX→personne?,SMPA-AB-02_rs_2594,"Pré Martin, lieu-dit du Chapuis",dit/surnom,1
LIEUX→personne?,SMPA-AB-02_rs_2739,"Rougemont, lieu-dit de Machault",dit/surnom,1
LIEUX→personne?,SMPA-AB-02_rs_2772,"Sablonniere (la), lieu-dit de Versailles",dit/surnom,1
LIEUX→personne?,SMPA-AB-02_rs_3021,"Sentier des Noiers (Au), lieu-dit de Morsang-sur-Orge, Saint-Magloire, tome II, acte 148. 148 -->",dit/surnom,1
LIEUX→personne?,SMPA-AB-02_rs_3029,"Seur les ruelles, lieu-dit de Morsang-sur-Orge",dit/surnom,1
LIEUX→personne?,SMPA-AB-02_rs_3305,"Vignoles (les), lieu-dit de Charonne, aujourd’hui Paris, XXe arr.",dit/surnom,1
LIEUX→personne?,SMPA-AB-02_rs_3344,"Vivier (le), lieu-dit de Vicq, cultura de Vivario",dit/surnom,1
LIEUX→personne?,SMPA-AB-03_rs_1303_1,"Épinay-sur-Orge hameau et lieu-dit, voir",dit/surnom,1
LIEUX→personne?,SMPA-AB-03_rs_2123_1,"Longchamp moniales, voir Emmeline, sœur de Raoul du Marchié, Margot, fille de Jacques le Flament",fr-parenté,1
LIEUX→personne?,SSCO-AB_rs_586,"La Norville, La Norville (Seine-et-Oise, canton d'Arpajon), Marguareta de la Norville, vidua",parenté,1
PERSONNES→lieu?,HDPAR-HD_rs_0691,"Becherel (Terroir de), à Écharcon",fief/censive,1
PERSONNES→lieu?,HDPAR-HD_rs_0940,"Bouticon, lieu-dit à Compans",village/hameau,1
PERSONNES→lieu?,HDPAR-HD_rs_0986,"Bretèche (Moulin de la), près Champlan",moulin/pont,1
PERSONNES→lieu?,HDPAR-HD_rs_1660,"Dignechien, lieu-dit à Louans",village/hameau,1
PERSONNES→lieu?,HDPAR-HD_rs_1752,"Écorcheboeuf, lieu-dit entre Mitry et Compans",village/hameau,1
PERSONNES→lieu?,HDPAR-HD_rs_1965,"Feularde, lieu-dit à Vert-le-Petit",village/hameau,1
PERSONNES→lieu?,HDPAR-HD_rs_2003,"Fontaine (La), lieu-dit à Vert-le-Petit",village/hameau,1
PERSONNES→lieu?,HDPAR-HD_rs_2487,"Groes de Feularde (Les), lieu-dit à Vert-le-Petit",village/hameau,1
PERSONNES→lieu?,HDPAR-HD_rs_4087,"Marnières (Les), lieu-dit à Louans",village/hameau,1
PERSONNES→lieu?,HDPAR-HD_rs_4188,"Mauberjon, lieu-dit à Chilly",village/hameau,1
PERSONNES→lieu?,HDPAR-HD_rs_4583,"Niverin, lieu-dit à Brie",village/hameau,1
PERSONNES→lieu?,HDPAR-HD_rs_4768,"Orme-Alis (L’), lieu-dit à Compans",village/hameau,1
PERSONNES→lieu?,HDPAR-HD_rs_5212,"Peschart, lieu-dit à Louans",village/hameau,1
PERSONNES→lieu?,HDPAR-HD_rs_6155,"Rus-de-Paroi (Le), lieu-dit à Louans",village/hameau,1
PERSONNES→lieu?,HDPAR-HD_rs_6869,"Val-Blésentois (Le), lieu-dit à Argenteuil",village/hameau,1
PERSONNES→lieu?,HDPAR-HD_rs_6887,"Valmont (Clos de), à Argenteuil",fief/censive,1
PERSONNES→lieu?,NDCH-EG_rs_1548,Poissonnerie (Ruelle de la),rue/chemin,1
PERSONNES→lieu?,NDMA-AB_rs_196,Chemin des Vaches,rue/chemin,1
PERSONNES→lieu?,NDMA-AB_rs_197,"Chemin des Vaches, de Nogent à Houdan",rue/chemin,1
PERSONNES→lieu?,NDMA-AB_rs_198,"Chemin des Vaches, de Croisilles à Charpont",rue/chemin,1
PERSONNES→lieu?,NDMT-AB_rs_0784,"Sainte-Opportune, censive",fief/censive,1
PERSONNES→lieu?,NDPA-EG-04_rs_1730,Clos Pentin,fief/censive,1
PERSONNES→lieu?,NDPA-EG-04_rs_1761,Clos,fief/censive,1
PERSONNES→lieu?,NDPR-AB_rs_0215,"Clauso, Clos de la Haye",fief/censive,1
PERSONNES→lieu?,NDVC-AB_rs_4636,"Vitou (Louis), procureur de la commune de Cernay",commune,1
PERSONNES→lieu?,SAPC-AB_rs_0993,"Rivus, Ru (Le): lieu-dit de Champagne-sur-Oise, Val-d'Oise, arr. Pontoise, cant. Beaumont-sur-Oise,",village/hameau,1
PERSONNES→lieu?,SAPC-AB_rs_1597,"Rex: (roi, censive ou fief du roi de France)",fief/censive,1
PERSONNES→lieu?,SCHA-PR_rs_150,Crespy (chemin de),rue/chemin,1
PERSONNES→lieu?,SCOR-EG_rs_0717,ChenevièresCommune de St-Denis-de-l'Hôtel (Loiret). (Cannaveriæ),dept,1
PERSONNES→lieu?,SCOR-EG_rs_0722,ChevenelleCommune de Charsonville (Loiret). (Caprella),dept,1
PERSONNES→lieu?,SCOR-EG_rs_0746,CloseauSt-Privé-St-Mesmin (Loiret).,dept,1
PERSONNES→lieu?,SCOR-EG_rs_1214,GommiersCommune de Terminiers (Eure-et-Loir).,dept,1
PERSONNES→lieu?,SCOR-EG_rs_1698,"Mahi de Bailleau Bailleau-sous-Galardon (Eure-et-Loir)., chevalier",dept,1
PERSONNES→lieu?,SCOR-EG_rs_1900,MontignyCommune de Villermain (Loir-et-Cher). (Mungtigniacum),dept,1
PERSONNES→lieu?,SCOR-EG_rs_1901,MontignyCanton d'Outarville (Loiret). (Montegniacum),dept,1
PERSONNES→lieu?,SCOR-EG_rs_1911,MoretCommune de Rouvray-Sainte-Croix (Loiret). (Mores),dept,1
PERSONNES→lieu?,SCOR-EG_rs_1934,MuzellesCommune de Terminiers (Eure-et-Loir). (Murellas),dept,1
PERSONNES→lieu?,SCOR-EG_rs_2761,TopineuxCommune de Sougy (Loiret).,dept,1
PERSONNES→lieu?,SCOR-EG_rs_2860,VillermainCanton d'Ouzouer-le-Marché (Loir-et-Cher).,dept,1
PERSONNES→lieu?,SCOR-EG_rs_2861,"VillesevreuxCommune de Sougy (Loiret)., (Villesevros)",dept,1
PERSONNES→lieu?,SLES-PR_rs_0023,Ageux (Oise),dept,1
PERSONNES→lieu?,SLES-PR_rs_0067,Andechy (Somme),dept,1
PERSONNES→lieu?,SLES-PR_rs_0074,Angy (Oise),dept,1
PERSONNES→lieu?,SLES-PR_rs_0150,Bailleul [sur Thérain] (Oise),dept,1
PERSONNES→lieu?,SLES-PR_rs_0152,Barbery (Oise),dept,1
PERSONNES→lieu?,SLES-PR_rs_0180,Beauvais (Oise),dept,1
PERSONNES→lieu?,SLES-PR_rs_0213,"Bellassise (Somme). Robert, maire de",dept,1
PERSONNES→lieu?,SLES-PR_rs_0232,Béthisy-[S. Pierre] (Oise),dept,1
PERSONNES→lieu?,SLES-PR_rs_0236,Blaincourt près S. Leu (Oise),dept,1
PERSONNES→lieu?,SLES-PR_rs_0245,"Boissière (Oise), Guillaume de la",dept,1
PERSONNES→lieu?,SLES-PR_rs_0249,Boran (Oise),dept,1
PERSONNES→lieu?,SLES-PR_rs_0253,Bornel (Oise),dept,1
PERSONNES→lieu?,SLES-PR_rs_0278,"Boutenangle, com. d'Erquinvillers (Oise)",dept,1
PERSONNES→lieu?,SLES-PR_rs_0286,Boves (Somme),dept,1
PERSONNES→lieu?,SLES-PR_rs_0293,Brenouille (Oise),dept,1
PERSONNES→lieu?,SLES-PR_rs_0295,Breteuil (Oise),dept,1
PERSONNES→lieu?,SLES-PR_rs_0318,Bulles (Oise),dept,1
PERSONNES→lieu?,SLES-PR_rs_0338,Bury (Oise),dept,1
PERSONNES→lieu?,SLES-PR_rs_0344,Cailloüel (Oise),dept,1
PERSONNES→lieu?,SLES-PR_rs_0360,Cauffry (Oise),dept,1
PERSONNES→lieu?,SLES-PR_rs_0366,Cauvigny (Oise),dept,1
PERSONNES→lieu?,SLES-PR_rs_0375,Chambly (Oise),dept,1
PERSONNES→lieu?,SLES-PR_rs_0387,"Chantilly, « Cantiliacus » (Oise)",dept,1
PERSONNES→lieu?,SLES-PR_rs_0404,Chepoix (Oise),dept,1
PERSONNES→lieu?,SLES-PR_rs_0406,Chérisi (Pas-de-Calais) ou Quiry (Somme),dept,1
PERSONNES→lieu?,SLES-PR_rs_0422,Cinqueux « Sinquez » (Oise),dept,1
PERSONNES→lieu?,SLES-PR_rs_0463,Compiègne (Oise),dept,1
PERSONNES→lieu?,SLES-PR_rs_0468,"Conteville (Oise), Nicolas de",dept,1
PERSONNES→lieu?,SLES-PR_rs_0480,Cramoisy (Oise),dept,1
PERSONNES→lieu?,SLES-PR_rs_0514,Cressonsacq (Oise),dept,1
PERSONNES→lieu?,SLES-PR_rs_0517,Crotoy (Somme),dept,1
PERSONNES→lieu?,SLES-PR_rs_0519,Crouy (Oise),dept,1
PERSONNES→lieu?,SLES-PR_rs_0521,Cugnières (Oise),dept,1
PERSONNES→lieu?,SLES-PR_rs_0556,"Déluge (Oise), Gautier du. fils d'Eufémie",dept,1
PERSONNES→lieu?,SLES-PR_rs_0670,"Eve, (Oise)",dept,1
PERSONNES→lieu?,SLES-PR_rs_0674,"Fécamp, lieudit à Villers-Saint-Paul (Oise)",dept,1
PERSONNES→lieu?,SLES-PR_rs_0679,"Fignières, Vieux. (Somme)",dept,1
PERSONNES→lieu?,SLES-PR_rs_0693,"Fouilleuse (Oise) Philippe de., damoiseau",dept,1
PERSONNES→lieu?,SLES-PR_rs_0694,"Foulangues (Oise), Eudes de",dept,1
PERSONNES→lieu?,SLES-PR_rs_0713,Fournival (Oise),dept,1
PERSONNES→lieu?,SLES-PR_rs_0924,"Houdencourt (Oise), Colard, dit Froissart",dept,1
PERSONNES→lieu?,SLES-PR_rs_0963,"Ives, fermier du port de S. Leu avec Girard",moulin/pont,1
PERSONNES→lieu?,SLES-PR_rs_0992,Jumel (Somme). Ibert de,dept,1
PERSONNES→lieu?,SLES-PR_rs_0999,Laigneville (Oise). Eudes de,dept,1
PERSONNES→lieu?,SLES-PR_rs_1011,Lassigny « de Latiniaco » (Oise),dept,1
PERSONNES→lieu?,SLES-PR_rs_1036,"Lesglantiers (Oise), Florent de., marié à Agnès",dept,1
PERSONNES→lieu?,SLES-PR_rs_1061,Liancourt (Oise),dept,1
PERSONNES→lieu?,SLES-PR_rs_1128,"Meung-sur-Loire (Loiret), Guillaume de. clerc de Beauvais",dept,1
PERSONNES→lieu?,SLES-PR_rs_1156,Montdidier (Somme),dept,1
PERSONNES→lieu?,SLES-PR_rs_1170,"Mont [l'Évêque], ou Monz (Oise), Gilon de",dept,1
PERSONNES→lieu?,SLES-PR_rs_1173,Moreuil (Somme),dept,1
PERSONNES→lieu?,SLES-PR_rs_1176,Mortefontaine (Oise),dept,1
PERSONNES→lieu?,SLES-PR_rs_1183,"Mouy (Oise), Dreux de., neveu d'Hugues",dept,1
PERSONNES→lieu?,SLES-PR_rs_1189,Nanteuil (Oise),dept,1
PERSONNES→lieu?,SLES-PR_rs_1196,Neuville en Hez (Oise),dept,1
PERSONNES→lieu?,SLES-PR_rs_1204,"Nogent (Oise), Gasce de",dept,1
PERSONNES→lieu?,SLES-PR_rs_1208,Noyon (Oise),dept,1
PERSONNES→lieu?,SLES-PR_rs_1233,Ourscamps (Oise),dept,1
PERSONNES→lieu?,SLES-PR_rs_1271,"Pierrepont (Somme), Robert de",dept,1
PERSONNES→lieu?,SLES-PR_rs_1274,Plailly (Oise),dept,1
PERSONNES→lieu?,SLES-PR_rs_1275,"Plainval (Oise), Payen de",dept,1
PERSONNES→lieu?,SLES-PR_rs_1277,Plessis-Choisel (Oise),dept,1
PERSONNES→lieu?,SLES-PR_rs_1296,"Pontpoint (Oise), Gautier de",dept,1
PERSONNES→lieu?,SLES-PR_rs_1301,Précy (Oise),dept,1
PERSONNES→lieu?,SLES-PR_rs_1315,"Quesnel (Oise), Aubri du",dept,1
PERSONNES→lieu?,SLES-PR_rs_1322,Ramerupt (Aube). Gui fils de Garnier de,dept,1
PERSONNES→lieu?,SLES-PR_rs_1342,"Ravenel (Oise), Pierre de",dept,1
PERSONNES→lieu?,SLES-PR_rs_1403,"Roye (Somme), Barthélemy de., év",dept,1
PERSONNES→lieu?,SLES-PR_rs_1424,S. Germer (Oise). Abbé: Hugues,dept,1
PERSONNES→lieu?,SLES-PR_rs_1488,"S. Maximin (Oise), Fromond de",dept,1
PERSONNES→lieu?,SLES-PR_rs_1498,"S. Sépulcre (Oise). Hugues, de",dept,1
PERSONNES→lieu?,SLES-PR_rs_1500,S. Taurin (Somme),dept,1
PERSONNES→lieu?,SLES-PR_rs_1551,"Trainel (Aube), Raoul de",dept,1
PERSONNES→lieu?,SLES-PR_rs_1572,Thiverny (Oise),dept,1
PERSONNES→lieu?,SLES-PR_rs_1580,Tillet (Oise). Gislebert de Tilliello,dept,1
PERSONNES→lieu?,SLES-PR_rs_1587,"Trossy, à S. Maximin (Oise)",dept,1
PERSONNES→lieu?,SLES-PR_rs_1602,"Vaus, Clos de",fief/censive,1
PERSONNES→lieu?,SLES-PR_rs_1605,"Velennes (Oise), Dreux de",dept,1
PERSONNES→lieu?,SLES-PR_rs_1606,"Verberie (Oise), Jean de",dept,1
PERSONNES→lieu?,SLES-PR_rs_1609,Verneuil (Oise),dept,1
PERSONNES→lieu?,SLES-PR_rs_1622,Villecourt ou plutôt Vilaincourt (Somme),dept,1
PERSONNES→lieu?,SLES-PR_rs_1626,Villers [sous-St-Leu] (Oise),dept,1
PERSONNES→lieu?,SLES-PR_rs_1631,Villers-St-Paul (Oise),dept,1
PERSONNES→lieu?,SLES-PR_rs_1641,Villers-Saint-Sépulcre (Oise),dept,1
PERSONNES→lieu?,SMPA-AB-01_rs_0009,"Ablon, Val-de-Marne, arrondissement de Créteil, canton de Villeneuve-le-Roi, Ablun,",canton/arrond,1
PERSONNES→lieu?,SMPA-AB-01_rs_0067,"Alodus, lieu-dit de Fontenay-sous-Bois",village/hameau,1
PERSONNES→lieu?,SMPA-AB-01_rs_0097,"Angers (abbaye de Saint-Aubin d’), O.S.B., Maine-et-Loire; — abbé",abbaye,1
PERSONNES→lieu?,SMPA-AB-01_rs_0128,"Arondel (vigne d’), sise à Charonne, lieu dit Montibœuf, vinea de Arondello",village/hameau,1
PERSONNES→lieu?,SMPA-AB-01_rs_0162,"Auffargis, Yvelines, arrondissement et canton de Rambouillet, Ofergis, Offergeiae, Orfergeis,",canton/arrond,1
PERSONNES→lieu?,SMPA-AB-01_rs_0172,"Aurici (la court de), lieu-dit de Chalifert",village/hameau,1
PERSONNES→lieu?,SMPA-AB-01_rs_0175,"Autouillet, Yvelines, arrondissement de Rambouillet, canton de Montfort-l’Amaury, de Alto Ocello, Autoilello, Autoliolo; — curé",canton/arrond,1
PERSONNES→lieu?,SMPA-AB-01_rs_0220_2,Barthélemy son autel dans l’abbaye de Saint-Magloire primitive,abbaye,1
PERSONNES→lieu?,SMPA-AB-01_rs_0309,"Boissy-sans-Avoir, Yvelines, arrondissement de Rambouillet, canton de Montfort-l’Amaury, Buxetum; — dîmes",canton/arrond,1
PERSONNES→lieu?,SMPA-AB-01_rs_0310,"Bolomer (clos), peut-être La Boulie, de clauso qui dicitur Bolumer; — dîmes",fief/censive,1
PERSONNES→lieu?,SMPA-AB-01_rs_0330,Boucel (censive de),fief/censive,1
PERSONNES→lieu?,SMPA-AB-01_rs_0343,"Bourg-l’Abbé (rue du), disparue lors du percement du boulevard de Sébastopol, in Burgo Abbatis",rue/chemin,1
PERSONNES→lieu?,SMPA-AB-01_rs_0413,"Caen (abbaye de la Trinité de), O.S.B.; — abbesse",abbaye,1
PERSONNES→lieu?,SMPA-AB-01_rs_0467,"Chalifert, Seine-et-Marne, arrondissement de Meaux, canton de Lagny-sur-Marne; — prieuré Saint-Jacques, domus, obedientia, ecclesia Sancti Jacobi de Chalifer, Chaliffer, de Califer",canton/arrond,1
PERSONNES→lieu?,SMPA-AB-01_rs_0486,"Charenton (chemin de), à Charonne",rue/chemin,1
PERSONNES→lieu?,SMPA-AB-01_rs_0493,"Charmoie (La) (plus tardla Hauteville), Yvelines, arrondissement de Mantes-la-Jolie, canton de Houdan, de Carmeia; — église Notre-Dame (et La Madeleine ?)",canton/arrond,1
PERSONNES→lieu?,SMPA-AB-01_rs_0496,"Charonne (Petit), au sud du village",village/hameau,1
PERSONNES→lieu?,SMPA-AB-01_rs_0558,Clos Saint-Martin-des-Champs,fief/censive,1
PERSONNES→lieu?,SMPA-AB-01_rs_0559,"Cluny (abbaye Saint-Pierre de), O.S.B., Saône-et-Loire, arrondissement de Mâcon,",canton/arrond,1
PERSONNES→lieu?,SMPA-AB-01_rs_0560,"Cocatrix (famille), possesseur du fief Harenc, devenu fief Cocatrix",fief/censive,1
PERSONNES→lieu?,SMPA-AB-01_rs_0566,"Colgelé, Coulgelé, lieu-dit sous la chaussée du Grand Étang de Versailles",village/hameau,1
PERSONNES→lieu?,SMPA-AB-01_rs_0577,"Coquatrix (moulin), à Paris, au débouché de la ruelle de l’Écorcherie, le molin qui fu Coquatrix",rue/chemin,1
PERSONNES→lieu?,SMPA-AB-01_rs_0579,"Corbeil[-Essonnes], Essonne, arrondissement d’Evry; — (acte passé à)",canton/arrond,1
PERSONNES→lieu?,SMPA-AB-01_rs_0594,"Coulombs (abbaye Notre-Dame de), O.S.B., Eure-et-Loir, arrondissement de Dreux, canton de Nogent-le-Roi,",canton/arrond,1
PERSONNES→lieu?,SMPA-AB-01_rs_0648,"Dol-de-Bretagne, Ille-et-Vilaine, arrondissement de Saint-Malo, Dolensis urbs; — archiepresul archipresul Brittanie, urbis scilicet Dolensis",canton/arrond,1
PERSONNES→lieu?,SMPA-AB-01_rs_0696,"Essarts-le-Roi (Les), Yvelines, arrondissement et canton de Rambouillet, Essars, Essarta Regis, Essarz, de Essartis, de Exartis, de Novalibus; — cure (patronage)",canton/arrond,1
PERSONNES→lieu?,SMPA-AB-01_rs_0724,"Évêque (censive du Roi et de l’), à Paris",fief/censive,1
PERSONNES→lieu?,SMPA-AB-01_rs_0736,"Faremoutiers (abbaye Notre-Dame de), O.S.B., Seine-et-Marne, arrondissement de Meaux, canton de Coulommiers,",canton/arrond,1
PERSONNES→lieu?,SMPA-AB-01_rs_0770,"Fontenay[-sous-Bois], Val-de-Marne, arrondissement de Sceaux, canton de Vincennes, Fontanetum, Fontiniacum,",canton/arrond,1
PERSONNES→lieu?,SMPA-AB-01_rs_0770_2,Fontenay[-sous-Bois] lieu-dit Alodus,village/hameau,1
PERSONNES→lieu?,SMPA-AB-01_rs_0771,"Fontevrault (abbaye Notre-Dame de), chef-d’ordre, Maine-et-Loire, arrondissement de Saumur, canton de Saumur-Sud, Frontevaus; abbesse",canton/arrond,1
PERSONNES→lieu?,SMPA-AB-01_rs_0779,Fossés (abbaye des),abbaye,1
PERSONNES→lieu?,SMPA-AB-01_rs_0881,"Gentien (Jacques), possesseur du fief Harenc",fief/censive,1
PERSONNES→lieu?,SMPA-AB-01_rs_0913,"Gif [sur-Yvette] (abbaye Notre-Dame de), O.S.B., Essonne, arrondissement de Palaiseau,",canton/arrond,1
PERSONNES→lieu?,SMPA-AB-01_rs_0945,Glatigny (chemin de),rue/chemin,1
PERSONNES→lieu?,SMPA-AB-01_rs_0974,"Grandchamp (abbaye Notre-Dame de), Prém., Yvelines, arrondissement de Mantes-la-Jolie, canton de Houdan, abbas et conventus Grandis Campi,",canton/arrond,1
PERSONNES→lieu?,SMPA-AB-01_rs_0986,Grève (port de),moulin/pont,1
PERSONNES→lieu?,SMPA-AB-01_rs_0989,"Gripeel, lieu-dit à Nogent-sur-Marne; — dîmes des novales",village/hameau,1
PERSONNES→lieu?,SMPA-AB-01_rs_1062,"Hanches, Eure-et-Loir, arrondissement de Chartres, canton de Maintenon; — église",canton/arrond,1
PERSONNES→lieu?,SMPA-AB-01_rs_1070,"Harenc (fief), appelé par la suite fief Cocatrix",fief/censive,1
PERSONNES→lieu?,SMPA-AB-01_rs_1120,"Hérivaux (abbaye Notre-Dame d’), Aug., Val d’Oise, arrondissement de Montmorency, abbé, Herivallis abbas,",canton/arrond,1
PERSONNES→lieu?,SMPA-AB-01_rs_1151,"Houdan, Yvelines, arrondissement de Mantes-la-Jolie,",canton/arrond,1
PERSONNES→lieu?,SMPA-AB-01_rs_1154,"Houjarray, hameau de Bazoches, Houcheran, Hougerrai; — famille de Houjarray",village/hameau,1
PERSONNES→lieu?,SMPA-AB-01_rs_1232,"Ivry (abbaye Notre-Dame d’), O.S.B., à Ivry-la-Bataille, Eure, arrondissement d’Évreux, canton de Saint-André de l’Eure,",canton/arrond,1
PERSONNES→lieu?,SMPA-AB-01_rs_1246,"Jardy, prieuré, relevant de Tiron, Yvelines, commune de Marne, Jardies",commune,1
PERSONNES→lieu?,SMPA-AB-01_rs_1266,"Jean Palée (rue), puis rue du Petit-Hurleur, disparue lors du percement du boulevard de Sébastopol, in vico Johannis Paalee, Paaelee, Pallée",rue/chemin,1
PERSONNES→lieu?,SMPA-AB-01_rs_1307,"Juvisy, Essonne, arrondissement de Palaiseau; — léproserie, Givisi",canton/arrond,1
PERSONNES→lieu?,SMPA-AB-01_rs_1311,"Lachet (vigne de), sise à Charonne, au lieu dit Mézières",village/hameau,1
PERSONNES→lieu?,SMPA-AB-01_rs_1343,"Levroux, Indre, arrondissement de Châteauroux; — baronnie appartenant à l’évêque de Paris",canton/arrond,1
PERSONNES→lieu?,SMPA-AB-01_rs_1361,"Longpont (prieuré Notre-Dame de), O. Clun., Essonne, arrondissement de Palaiseau, canton de Montlhéry,",canton/arrond,1
PERSONNES→lieu?,SMPA-AB-01_rs_1400,"Machault, Seine-et-Marne, arrondissement de Melun, canton de Châtelet-en-Brie,",canton/arrond,1
PERSONNES→lieu?,SMPA-AB-01_rs_1400_1,"Machault fief de Machault, détenu par Jean l’Aîné",fief/censive,1
PERSONNES→lieu?,SMPA-AB-01_rs_1510,"Méré, Yvelines, arrondissement de Rambouillet, canton de Montfort-l’Amaury, Madriacum, Mairi, Meiré, Mereio (de), Meri, Meriacum, potestas Madriaca, Matriaca, Medriaca,",canton/arrond,1
PERSONNES→lieu?,SMPA-AB-01_rs_1521,"Mézières, lieu-dit de Charonne, in territorio de Meseriis, de Mesieres",village/hameau,1
PERSONNES→lieu?,SMPA-AB-01_rs_1523,"Mibray, à Paris, lieu dit sur la Seine, à la hauteur du pont Notre-Dame, Malbraio (in)",village/hameau,1
PERSONNES→lieu?,SMPA-AB-01_rs_1534,"Millepas, lieu dit d’Ivry-sur-Seine, Millepassus, Milpas",village/hameau,1
PERSONNES→lieu?,SMPA-AB-01_rs_1539,"Moisselles, Val d’Oise, arrondissement de Montmorency, canton de Domont,",canton/arrond,1
PERSONNES→lieu?,SMPA-AB-01_rs_1550,"Mons-sur-Orge, aujourd’hui Athis-Mons, Essonne, arrondissement de Palaiseau, Montes villa, Monz,",canton/arrond,1
PERSONNES→lieu?,SMPA-AB-01_rs_1602,"Mortemer, lieu dit correspondant à l’allée des Martemets dans le parc du château de Versailles, Mortuum Mare, in gaigniagio de Mortuo Mari",village/hameau,1
PERSONNES→lieu?,SMPA-AB-01_rs_1625,"Navet (Guillaume), courroier, Guillelmus dictus Navet, corrigearius; — sa grange, sur le chemin de Saint-Denis, dans la Couture Saint-Magloire",rue/chemin,1
PERSONNES→lieu?,SMPA-AB-01_rs_1626,"Neauphle-le-Vieux, Yvelines, arrondissement de Rambouillet, canton de Montfort-l’Amaury; — abbaye Saint-Pierre, O.S.B, Sanctus Petrus Nielfe, Nealfa vetus",canton/arrond,1
PERSONNES→lieu?,SMPA-AB-01_rs_1631,"Nesle (Thomas de), possesseur du fief Harenc",fief/censive,1
PERSONNES→lieu?,SMPA-AB-01_rs_1801,"Perreux (le), lieu-dit de Charonne, in territorio de Petroso",village/hameau,1
PERSONNES→lieu?,SMPA-AB-01_rs_1878,"Pissotte (la), lieu-dit voisin de Saint-Martin-des-Champs, rue Saint-Martin, Pisote",village/hameau,1
PERSONNES→lieu?,SMPA-AB-01_rs_1892,"Pointlasne (famille parisienne des), La Poillane; — censive à Charonne",fief/censive,1
PERSONNES→lieu?,SMPA-AB-01_rs_1894,"Poissy, Yvelines, arrondissement de Saint-Germain-en-Laye, de Pissiaco, Poissiacum,",canton/arrond,1
PERSONNES→lieu?,SMPA-AB-01_rs_1903,"Pont (Pierre de), Petrus de Pontibus; — censive",fief/censive,1
PERSONNES→lieu?,SMPA-AB-01_rs_1933,"Putespoisse (lieu-dit en Brie, probablement non loin de Villiers-Chapuis); — pré",village/hameau,1
PERSONNES→lieu?,SMPA-AB-01_rs_2006,"Reuilly (prieuré de), relevant de Saint-Denis, Indre, arrondissement et canton d’Issoudun; — prieur",canton/arrond,1
PERSONNES→lieu?,SMPA-AB-01_rs_2028,"Ris-[Orangis], Essonne, arrondissement d’Evry, Regias, Reias, Reyas, Ries, Ris,",canton/arrond,1
PERSONNES→lieu?,SMPA-AB-01_rs_2079,"Roi (censive du) et del’Évêque, à Paris",fief/censive,1
PERSONNES→lieu?,SMPA-AB-01_rs_2102,"Roue (chantier de la), lieu-dit de Charonne, la Roe, la Roue, in territorio de Rota",village/hameau,1
PERSONNES→lieu?,SMPA-AB-01_rs_2128,"Saint-Antoine (abbaye de), O.C., aujourd’hui hôpital Saint-Antoine, 12earrondissement de Paris, abbatissa et conventus Sancti Anthonii juxta Parisius, Saint Anthoine,",abbaye,1
PERSONNES→lieu?,SMPA-AB-01_rs_2143,"Saint-Denis (chemin de), in chemino apud Sanctum Dyonisium, extra portam murorum",rue/chemin,1
PERSONNES→lieu?,SMPA-AB-01_rs_2149_1,Saint-Denis-de-la-Chârtre censive,fief/censive,1
PERSONNES→lieu?,SMPA-AB-01_rs_2150,"Saint-Éloi (prieuré de), dépendant de l’abbaye de saint-Maur, à Paris, dans la Cité",abbaye,1
PERSONNES→lieu?,SMPA-AB-01_rs_2154,"Saint-Evroult-d’Ouche (abbaye Notre-Dame-du-Bois-et-Saint-Pierre de), O.S.B., Orne, arrondissement d’Argentan, canton de La Ferté-Frênel, Sanctus Ebrulfus,",canton/arrond,1
PERSONNES→lieu?,SMPA-AB-01_rs_2157,"Saint-Germain (léproserie de), maladrerie Saint-Thomas du Bourg Saint-Germain, à Paris, aujourd’hui carrefour de la Croix Rouge,",rue/chemin,1
PERSONNES→lieu?,SMPA-AB-01_rs_2158,"Saint-Germain-des-Prés (abbaye de), à Paris, 6earrondissement,",abbaye,1
PERSONNES→lieu?,SMPA-AB-01_rs_2158_2,Saint-Germain-des-Prés fief de Beynes,fief/censive,1
PERSONNES→lieu?,SMPA-AB-01_rs_2181,"Saint-Léger-en-Yvelines, Yvelines, arrondissement et canton de Rambouillet,",canton/arrond,1
PERSONNES→lieu?,SMPA-AB-01_rs_2229,Saint-Père (abbaye de),abbaye,1
PERSONNES→lieu?,SMPA-AB-01_rs_2232,Saint-Pierre-des-Fossés (abbaye de),abbaye,1
PERSONNES→lieu?,SMPA-AB-01_rs_2236,"Saint-Rémy-lés-Chevreuse (?), Yvelines, arrondissement de Rambouillet, canton de Chevreuse, Sanctus Remigius; — presbiter,",canton/arrond,1
PERSONNES→lieu?,SMPA-AB-01_rs_2237,"Saint-Saulve (abbaye de), O.S.B.",abbaye,1
PERSONNES→lieu?,SMPA-AB-01_rs_2244,"Saint-Victor (abbaye de), chef d’ordre, Paris, 5earrondissement, à l’emplacement de l’ancienne halle aux vins; — abbé",abbaye,1
PERSONNES→lieu?,SMPA-AB-01_rs_2247,"Sainte-Austreberte (abbaye de), O.S.B., Sancta Abstroberta",abbaye,1
PERSONNES→lieu?,SMPA-AB-01_rs_2250,"Sainte-Geneviève (abbaye de), aujourd’hui partie du lycée Henri IV, place du Panthéon et rue Clovis, Paris, 5earrondissement, basilica Sancte Genovefe,",abbaye,1
PERSONNES→lieu?,SMPA-AB-01_rs_2251,"Sainte-Geneviève (Mont), rue de la Montagne Sainte-Geneviève, à Paris, 5earrondissement, in monte Sancte Genovefe, in vico Sancte Genovefe,",rue/chemin,1
PERSONNES→lieu?,SMPA-AB-01_rs_2348,"Septeuil, Septolium, Yvelines, arrondissement de Mantes-la-Jolie, canton de Houdan,",canton/arrond,1
PERSONNES→lieu?,SMPA-AB-01_rs_2390,"Subtus les gaz, Subtus Lesgar, lieu-dit de Vernouillet",village/hameau,1
PERSONNES→lieu?,SMPA-AB-01_rs_2414,"Tessé, écart de Flexanville, Yvelines, arrondissement de Rambouillet, canton de Montfort-l’Amaury, Theziacum, Thezi; — dîmes",canton/arrond,1
PERSONNES→lieu?,SMPA-AB-01_rs_2452,"Tiron (abbaye Notre-Dame de), O.S.B., à Tiron, Eure-et-Loir, arrondissement de Nogent-le-Rotrou, ch.l. de canton,",canton/arrond,1
PERSONNES→lieu?,SMPA-AB-01_rs_2455,"Torcy, Seine-et-Marne, arrondissement de Meaux, Torciachum, Torciacum; — vigne",canton/arrond,1
PERSONNES→lieu?,SMPA-AB-01_rs_2466,"Tréguier, Côtes-d’Armor, arrondissement de Lannion; — évêque",canton/arrond,1
PERSONNES→lieu?,SMPA-AB-01_rs_2475,"Trinité (rue de la), à Paris, plus tard, rue du Bourg l’Abbé et rue Jean Palée",rue/chemin,1
PERSONNES→lieu?,SMPA-AB-01_rs_2509_1,"Val-Notre-Dame hôtel à Paris, rue de Hueleu, à l’enseigne de l’Image Notre-Dame, la meson le Val Nostre Dame, l’ostel du Val Nostre Dame",rue/chemin,1
PERSONNES→lieu?,SMPA-AB-01_rs_2525,"Vémars, Val d’Oise, arrondissement de Montmorency, canton de Gonesse, Vemarcium,",canton/arrond,1
PERSONNES→lieu?,SMPA-AB-01_rs_2533,"Vernouillet, Yvelines, arrondissement de Saint-Germain-en-Laye, Vernoiletto (de), Vernoilum, Vernoliolum, Vernolium,",canton/arrond,1
PERSONNES→lieu?,SMPA-AB-01_rs_2533_4,Vernouillet fief,fief/censive,1
PERSONNES→lieu?,SMPA-AB-01_rs_2536,"Versailles, Prieuré Saint-Julien, relevant de l’abbaye de Saint-Magloire, domus de Versaliis, obedientia",abbaye,1
PERSONNES→lieu?,SMPA-AB-01_rs_2536_1,Versailles censive de Meudon,fief/censive,1
PERSONNES→lieu?,SMPA-AB-01_rs_2536_6,Versailles grange du prieuré sur le chemin de Glatigny,rue/chemin,1
PERSONNES→lieu?,SMPA-AB-01_rs_2553,"Vignoles (les), lieu-dit de Charonne, 20earrondissement de Paris, chantier des Vignoles,",village/hameau,1
PERSONNES→lieu?,SMPA-AB-01_rs_2557,"Villabé, lieu-dit de Machault",village/hameau,1
PERSONNES→lieu?,SMPA-AB-01_rs_2567,"Villeneuve, probablement Villeneuve-le-Roi, Val-de-Marne, arrondissement de Créteil, Villa Nova,",canton/arrond,1
PERSONNES→lieu?,SMPA-AB-01_rs_2571,"Villiers-en-Brie, hameau de Machault, Villaris, Villers",village/hameau,1
PERSONNES→lieu?,SMPA-AB-01_rs_2571_3,Villiers-en-Brie (fief de),fief/censive,1
PERSONNES→lieu?,SMPA-AB-01_rs_2571_6,Villiers-en-Brie village,village/hameau,1
PERSONNES→lieu?,SMPA-AB-01_rs_2583,"Vivers, Viviers, lieu-dit de Vernouillet",village/hameau,1
PERSONNES→lieu?,SMPA-AB-01_rs_2630,"Yerres (abbaye Notre-Dame d’), O.S.B., Essonne, arrondissement d’Evry, Edera,",canton/arrond,1
PERSONNES→lieu?,SMPA-AB-02_rs_0129,"Arpents (Les), lieu-dit de Gros-Rouvre, les Arpens",village/hameau,1
PERSONNES→lieu?,SMPA-AB-02_rs_0152,Aubertovillari (Adam d’); sa censive à Saint-Denis,fief/censive,1
PERSONNES→lieu?,SMPA-AB-02_rs_0425,"Bourgoignes (Les), lieu-dit du Chapuis",village/hameau,1
PERSONNES→lieu?,SMPA-AB-02_rs_0490_1,"Brie fief, feodum Brie ; — hôtes ; — taille levée par Saint-Magloire",fief/censive,1
PERSONNES→lieu?,SMPA-AB-02_rs_0535,Calido Moncello (domina de); sa censive,fief/censive,1
PERSONNES→lieu?,SMPA-AB-02_rs_0693,Chevalier (Guerinus); son fief à Vicq,fief/censive,1
PERSONNES→lieu?,SMPA-AB-02_rs_0844,"Coudreyo (Guillelmus de), écuyer; sa censive à Grosrouvre",fief/censive,1
PERSONNES→lieu?,SMPA-AB-02_rs_0855,"Cour-Dieu(abbaye de La), Loiret, arr. d’Orléans, cant. de Neuville-aux-Bois, cne d’Ingrannes; abbé, voir Jean de Jargeau.",abbaye,1
PERSONNES→lieu?,SMPA-AB-02_rs_1019,"Escurel (Petrus), écuyer; sa censive à Gros Rouvre",fief/censive,1
PERSONNES→lieu?,SMPA-AB-02_rs_1420,"Haudriettes, Hospitalis de Gravia defuncti Stephani Haudrici; — censive",fief/censive,1
PERSONNES→lieu?,SMPA-AB-02_rs_1912,"Marcheboe (Nicolas), Nicolaus Marcheboe; sa censive et celle d’Aveline, veuve d’Adam le Roux",fief/censive,1
PERSONNES→lieu?,SMPA-AB-02_rs_1972,"Maune (Jean de), chevalier, Jehan de Maure, Johannes de Maune; sa censive à Nogent-sur-Marne",fief/censive,1
PERSONNES→lieu?,SMPA-AB-02_rs_2132,"Mortemer, ancien lieu-dit de Versailles",village/hameau,1
PERSONNES→lieu?,SMPA-AB-02_rs_2207,"Noe de Huato, lieu-dit de Galluis",village/hameau,1
PERSONNES→lieu?,SMPA-AB-02_rs_2214,"Noiers (Aus), lieu-dit de Morsang-sur-Orge",village/hameau,1
PERSONNES→lieu?,SMPA-AB-02_rs_2323,"Paris, carrefours, voir Lanterne (carrefour de la).",rue/chemin,1
PERSONNES→lieu?,SMPA-AB-02_rs_2335,"Paris, hôtels, voir hôtel de Dammartin, rue Salle-au-Comte; maisons: de Pierre de Condé, dans la Cité, devenue ensuite prieuré Saint-Barthélémy; des Créneaux, près du Pont Perrin; ",rue/chemin,1
PERSONNES→lieu?,SMPA-AB-02_rs_2533,"Poinlasne (censive au), à Charonne, censive au Pointlasnes",fief/censive,1
PERSONNES→lieu?,SMPA-AB-02_rs_2589,"Pré au moine, lieu-dit d’Ivry",village/hameau,1
PERSONNES→lieu?,SMPA-AB-02_rs_2655,"Regis (censiva), voir Roi (censive du).",fief/censive,1
PERSONNES→lieu?,SMPA-AB-02_rs_2715,"Roi, (censive du), à Paris",fief/censive,1
PERSONNES→lieu?,SMPA-AB-02_rs_2756,"Roux († Adam le); censive d’Aveline, sa veuve",fief/censive,1
PERSONNES→lieu?,SMPA-AB-02_rs_3084,"Taisnieres (Aus), ancien lieu-dit de Rueil",village/hameau,1
PERSONNES→lieu?,SMPA-AB-02_rs_3156_1,"Torcy chemin de Lognes, voir",rue/chemin,1
PERSONNES→lieu?,SMPA-AB-02_rs_3214,"Ulmi de Machelevein (frichie), lieu-dit de Morsang-sur-Orge",village/hameau,1
PERSONNES→lieu?,SMPA-AB-02_rs_3312,"Villabé, lieu-dit de Machault, Ville Abbé",village/hameau,1
PERSONNES→lieu?,SMPA-AB-03_rs_0996,Clos aux Ailliers,fief/censive,1
PERSONNES→lieu?,SMPA-AB-03_rs_0999,Clos aux Halliers (le),fief/censive,1
PERSONNES→lieu?,SMPA-AB-03_rs_1034_2,"Condé lieu-dit et moulin, voir",village/hameau,1
PERSONNES→lieu?,SMPA-AB-03_rs_1714_1,Grange son fief à Machault,fief/censive,1
PERSONNES→lieu?,SMPA-AB-03_rs_1744_1,"Grigny chemin de Morsang à Grigny, note 2.",rue/chemin,1
PERSONNES→lieu?,SMPA-AB-03_rs_2408_2,"Meudon lieu-dit, voir",village/hameau,1
PERSONNES→lieu?,SMPA-AB-03_rs_2498_2,"Montlhéry mesure, note 2. — chemin de Viry à Montlhéry, voir Morsang-sur-Orge.",rue/chemin,1
PERSONNES→lieu?,SMPA-AB-03_rs_2725,"Fiefs, voir Clos aux Halliers, Garges, Thérouanne.",fief/censive,1
PERSONNES→lieu?,SMPA-AB-03_rs_3475_1,"Sarcelles chemin de Sarcelles à Villiers-le-Bel ou chemin des Lavandières, voir",rue/chemin,1
PERSONNES→lieu?,SMPA-AB-03_rs_3534_1,Sèvres voie menant du carrefour de la Croix-Rouge à Sèvres,rue/chemin,1
PERSONNES→lieu?,SMPA-EG_rs_0190,Barre de l'abbaye du Bec,abbaye,1
PERSONNES→lieu?,SMPA-EG_rs_0214,Bec (Barre de l'abbaye du),abbaye,1
PERSONNES→lieu?,SMPA-EG_rs_0401,Clichy (chemin de),rue/chemin,1
PERSONNES→lieu?,SMPA-EG_rs_1665,Notre-Dame (censive de),fief/censive,1
PERSONNES→lieu?,SMPA-EG_rs_2017,Saint-Denis (chemin de),rue/chemin,1
PERSONNES→lieu?,SMPA-EG_rs_2024,Saint-Eloy (clos de),fief/censive,1
PERSONNES→lieu?,SMPA-EG_rs_2043,Saint-Mandé (chemin de),rue/chemin,1
PERSONNES→lieu?,SMPA-EG_rs_2085,Saint-Victor (abbaye de),abbaye,1
PERSONNES→lieu?,SMPA-EG_rs_2086,Saint-Victor (censive de),fief/censive,1
PERSONNES→lieu?,SMPA-EG_rs_2171,Temple (carrefour du),rue/chemin,1
PERSONNES→lieu?,SMPO-AB_rs_0231,Chaumes-En-Brie (Abbaye de),abbaye,1
PERSONNES→lieu?,SMPO-AB_rs_0233,Chelles (Abbaye de,abbaye,1
PERSONNES→lieu?,SMPO-AB_rs_0234,Cherbourg (Abbaye de,abbaye,1
PERSONNES→lieu?,SMPO-AB_rs_0238,Cluny (Abbaye de,abbaye,1
PERSONNES→lieu?,SMPO-AB_rs_0242,Corbie (Abbaye de,abbaye,1
PERSONNES→lieu?,SMPO-AB_rs_0459,Froidmont (Abbaye de,abbaye,1
PERSONNES→lieu?,SMPO-AB_rs_0683,Grestain (Abbaye de,abbaye,1
PERSONNES→lieu?,SMPO-AB_rs_0951,Hugues du Clos,fief/censive,1
PERSONNES→lieu?,SMPO-AB_rs_1118,Livry (Abbaye de),abbaye,1
PERSONNES→lieu?,SMPO-AB_rs_1136,Marcheroux (Abbaye de,abbaye,1
PERSONNES→lieu?,SMPO-AB_rs_1145,Marmoutiers (Abbaye de,abbaye,1
PERSONNES→lieu?,SMPO-AB_rs_1184,Molesme (Abbaye de,abbaye,1
PERSONNES→lieu?,SMPO-AB_rs_1185,Montreuil (Abbaye de,abbaye,1
PERSONNES→lieu?,SMPO-AB_rs_1350,Ressons (Abbaye de,abbaye,1
PERSONNES→lieu?,SMPO-AB_rs_1455,Saint-Denis (Abbaye de,abbaye,1
PERSONNES→lieu?,SMPO-AB_rs_1458,Saint-Germain-Des-Prés (Abbaye de,abbaye,1
PERSONNES→lieu?,SMPO-AB_rs_1460,Saint-Germer (Abbaye de,abbaye,1
PERSONNES→lieu?,SMPO-AB_rs_1461,Saint-Jean-Des-Prés (Abbaye de,abbaye,1
PERSONNES→lieu?,SMPO-AB_rs_1462,Sainte-Geneviève-Du-Mont (Abbaye de,abbaye,1
PERSONNES→lieu?,SMPO-AB_rs_1463,Saint-Guilhem-Le-Désert (Abbaye de,abbaye,1
PERSONNES→lieu?,SMPO-AB_rs_1466,Saint-Magloiire de Paris (Abbaye de,abbaye,1
PERSONNES→lieu?,SMPO-AB_rs_1467,Saint-Maur-Des-Fossés (Abbaye de,abbaye,1
PERSONNES→lieu?,SMPO-AB_rs_1469,Saint-Michel-Au-Mont (Abbaye de,abbaye,1
PERSONNES→lieu?,SMPO-AB_rs_1470,Saint-Père de Chartres (Abbaye de,abbaye,1
PERSONNES→lieu?,SMPO-AB_rs_1473,Saints PIERRE et PREJET de Flavigny (Abbaye de,abbaye,1
PERSONNES→lieu?,SMPO-AB_rs_1475,Saint-Quentin (Abbaye de,abbaye,1
PERSONNES→lieu?,SMPO-AB_rs_1476,Saint-Symphorien (Abbaye de,abbaye,1
PERSONNES→lieu?,SMPO-AB_rs_1477,Saint-Taurin d'Evreux (Abbaye de,abbaye,1
PERSONNES→lieu?,SMPO-AB_rs_1478,Saint-Victor de Paris (Abbaye de,abbaye,1
PERSONNES→lieu?,SMPO-AB_rs_1560,Tréport (Abbaye du,abbaye,1
PERSONNES→lieu?,SSCO-AB_rs_162,"Almaricus de Castro Forti, Châteaufort (Seine-et-Oise, canton de Palaiseau)",canton/arrond,1
PERSONNES→lieu?,SSCO-AB_rs_901,"Videles (Theobaldus de, presbiter), Videlles (Seine-et-Oise, canton de la Ferté-Alais)",canton/arrond,1
PERSONNES→lieu?,STEP-AB_rs_0190,Chemin des Vaches,rue/chemin,1
