nom,type,page(s),action,source
Dominus Balduinus de Corbolio,PERSONNE,113,REF_AJOUTEE->SSCO-AB_rs_191,"— Dominus Balduinus de Corbolio pro domo sua, 2 solidi."
Stephanus Morel,PERSONNE,113,REF_AJOUTEE->SSCO-AB_rs_855,"— Stephanus Morel, 18 d."
Petrus Lemovicensis,PERSONNE,114,REF_AJOUTEE->SSCO-AB_rs_735,"— Petrus Lemovicensis pro domo sua retro ecclesiam Beati Egidii, 2 s., et pro pratello, 2 d."
Item,PERSONNE,115,SKIPPED_RUBRIQUE,"— Item 4 d., pro vinea que fuit Hoderii Brichart."
Magister Robertus de Calmis,PERSONNE,116,REF_AJOUTEE->SSCO-AB_rs_813,"— Magister Robertus de Calmis, 12 d. pro terra de Vignon, et pro vinea, 4 d."
Petrus Lemovicensis,PERSONNE,116,REF_AJOUTEE->SSCO-AB_rs_735,"— Petrus Lemovicensis, 4 d. pro vinea de Vallibus."
Dominus Reginaldus de Cramoello,PERSONNE,117,REF_AJOUTEE->SSCO-AB_rs_790,"— Dominus Reginaldus de Cramoello, 2 s."
Item,PERSONNE,118,SKIPPED_RUBRIQUE,"— Item, 1 d. de Challoe."
Apud Evrainville (?),PERSONNE,123,SKIPPED_RUBRIQUE,"— Apud Evrainville (?) 4 d. de censu, unam dreturam, unum minellum ordei."
Apud Miseri,PERSONNE,123,SKIPPED_RUBRIQUE,"— Apud Miseri, 6 d. de censu et campipartem et unam dreturam."
Apud Leudeville duas dreturas,PERSONNE,123,SKIPPED_RUBRIQUE,— Apud Leudeville duas dreturas.
Apud Ver magnum unam dreturam,PERSONNE,123,SKIPPED_RUBRIQUE,— Apud Ver magnum unam dreturam.
Apud Essonam,PERSONNE,123,SKIPPED_RUBRIQUE,"— Apud Essonam, 8 d. de censu et unam dreturam."
Apud Corbolium,PERSONNE,123,SKIPPED_RUBRIQUE,"— Apud Corbolium, 3 dreturas, de quibus altare Sancti Nicholai debet unam pro viridario de Fonte Ordeorum, Obertus de Nagi unam, Adam Gonterius unam."
Apud Coupegni unam dreturam et dimidiam,PERSONNE,123,SKIPPED_RUBRIQUE,— Apud Coupegni unam dreturam et dimidiam.
Apud Saintriacum duas dreturas,PERSONNE,123,SKIPPED_RUBRIQUE,— Apud Saintriacum duas dreturas.
Apud Villam Dudonem,PERSONNE,123,SKIPPED_RUBRIQUE,"— Apud Villam Dudonem, 34 dreturas, et de camera ibidem unam et dimidiam, et unam prepositi vel majoris, et debet omnes alias querere et reddere pro illa."
Apud Chevanes,PERSONNE,123,SKIPPED_RUBRIQUE,"— Apud Chevanes, 39 dreturas, de quibus prepositus habet unam et major unam."
Apud Soisiacum,PERSONNE,123,SKIPPED_RUBRIQUE,"— Apud Soisiacum, 34 dreturas uno quarterio minus de quibus prepositus habet unam, et major unam et dimidiam."
Apud Evriacum et apud Chiminum,PERSONNE,123,SKIPPED_RUBRIQUE,"— Apud Evriacum et apud Chiminum, 12 dreturas."
Item de Chevanes,PERSONNE,124,SKIPPED_RUBRIQUE,"— Item de Chevanes, 39 s. tunc in eodem festo."
Item de Soisiaco in Adnunciatione Dominica,PERSONNE,124,SKIPPED_RUBRIQUE,"— Item de Soisiaco in Adnunciatione Dominica, 11 s. 6 d. ob. et 1 p., et preposito, 5 d., et maiori 6 d. et ob."
Item ecclesie Fossatensi,PERSONNE,124,SKIPPED_RUBRIQUE,"— Item ecclesie Fossatensi, 6 s. pro clauso de Tartaret."
Priori de Campis,PERSONNE,125,SKIPPED_RUBRIQUE,"— Priori de Campis pro clauso de Vignon, 9 s. in octabis Beati Dyonisii."
In festo Sancti Exuperii quibusdam de villa de Cons,PERSONNE,125,SKIPPED_RUBRIQUE,"— In festo Sancti Exuperii quibusdam de villa de Cons, 6 s."
Priori de Campis in octabis Beati Dyonisii,PERSONNE,125,SKIPPED_RUBRIQUE,"— Priori de Campis in octabis Beati Dyonisii, 4 d. et ob. pro vinea de Frileuse, et totidem de prisona."
Apud Chevanes sex prebendis in Adnunciacione Dominica,PERSONNE,125,SKIPPED_RUBRIQUE,"— Apud Chevanes sex prebendis in Adnunciacione Dominica pro corveiis, 3 s. 3 d."
Apud Villam Novam Regis in festo Sancti Remigii,PERSONNE,125,SKIPPED_RUBRIQUE,"— Apud Villam Novam Regis in festo Sancti Remigii, 5 s. super quadraginta arpenta terre quos (sic) donavit Ferricus Briardi pro suo anniversario ecclesie Beati Exuperii."
Apud Feritatem Aales,PERSONNE,125,SKIPPED_RUBRIQUE,"— Apud Feritatem Aales, 60 s. de censu in festo Sancti Remigii, quos Angevinus canonicus dedit Ecclesie Beati Exuperii, de quibus viginti solidi distribuuntur in die anniversarii ejusdem Angevini ; totum residuum distribuitur in matutinis."
Item super vineas nostras de Braatel,PERSONNE,125,SKIPPED_RUBRIQUE,"— Item super vineas nostras de Braatel habemus, 39 s. ad Nativitatem Beate Marie, de quibus capitulum Beate Marie Parisiensis habet, 6 s. de censu in festo Sancti Remigii, et 12 s. pro uno anniversario ; totum residuum distribuitur ad matutinas."
Item matutine,PERSONNE,125,SKIPPED_RUBRIQUE,"— Item matutine habent super nemora nostra de Villadudone 6 libras singulis annis, quarum distribucio incipit ad « Deus omnium. »"
Et sciendum est quod de isto censu,PERSONNE,130,SKIPPED_RUBRIQUE,"— Et sciendum est quod de isto censu habet prepositus, quinque denarios et unam dreturam."
Item,PERSONNE,131,SKIPPED_RUBRIQUE,"— Item, pro domuncula supra magnum vicum, 16 d."
Item,PERSONNE,131,SKIPPED_RUBRIQUE,"— Item, pro alia domuncula que fuit Brichardi, 3 d."
Item,PERSONNE,131,SKIPPED_RUBRIQUE,"— Item pro domuncula super magnum vicum, 16 d."
Item,PERSONNE,131,SKIPPED_RUBRIQUE,"— Item, pro orto, 12 d."
Item,PERSONNE,131,SKIPPED_RUBRIQUE,"— Item, pro ruella, 6 d."
Item,PERSONNE,131,SKIPPED_RUBRIQUE,"— Item, pro domuncula que fuit Richeri Pion, 6 d."
Item,PERSONNE,135,SKIPPED_RUBRIQUE,"— Item, ille Johannes, 3 ob."
Dominus Radulphus Episcopus,PERSONNE,135,REF_AJOUTEE->SSCO-AB_rs_774,"— Dominus Radulphus Episcopus, 9 d."
Item altare Sancti Blasii,PERSONNE,138,SKIPPED_RUBRIQUE,— Item altare Sancti Blasii habet duo arpenta vinee in territorio de Cocigniaco in censiva domini [de] Ulmeio de quibus habet litteras.
Item altare Sancti Blasii,PERSONNE,140,SKIPPED_RUBRIQUE,"— Item altare Sancti Blasii habet decimam de Lers, de qua habet litteras."
Item,PERSONNE,140,SKIPPED_RUBRIQUE,"— Item, altare Sancti Blasii habet apud Tartaret duo arpenta vinee."
Item,PERSONNE,141,SKIPPED_RUBRIQUE,"— Item, altare Sancti Blasii in guageria decime de Egrefein decem libras quando redimetur."
Item,PERSONNE,141,SKIPPED_RUBRIQUE,"— Item, idem habet in claustro duas domos in censiva capituli et unam plateam similiter in eadem censiva."
Item,PERSONNE,141,SKIPPED_RUBRIQUE,"— Item, idem habet quamdam domum in magno vico in censiva capituli Beati Exuperii."
Matutine,PERSONNE,141,SKIPPED_RUBRIQUE,— Matutine habent super nemo a nostra de Villedudone 6 libras Parisiensium quarum distribucio incipit ad « Deum omnium. »
Item matutine,PERSONNE,141,SKIPPED_RUBRIQUE,"— Item matutine habent, sicut quidam dicunt, in nemoribus nestris quamdam peciam nemoris que vocatur Boscus de Forgiis, que empta fuit de denariis matutinarum."
Item matutine,PERSONNE,141,SKIPPED_RUBRIQUE,"— Item matutine habent super vineas de Braatel 39 solidos Parisiensium, de quibus capitulum Beate Marie Parisiensis habet 6 solidos de censu in festo Sancti Remigio, et quoddam anniversarium 12 solidos. Residuum totum pertinet ad matutinas."
Item matutine,PERSONNE,141,SKIPPED_RUBRIQUE,— Item matutine habent super domum Helyot que est supra magnum vicum in fine refectorii 50 solidos singulis annis.
Item matutine,PERSONNE,141,SKIPPED_RUBRIQUE,"— Item matutine habent super domum Ade Coillart in maceria, que domus dicitur domus Guiberti Maderinarii 4 libras Parisiensium, exceptis 12 solidis qui distribuuntur in anniversario Thome de Pareto, clerici."
Item matutine,PERSONNE,141,SKIPPED_RUBRIQUE,— Item matutine habent apud Feritatem Aales 60 solidos Parisiensium
Item matutine,PERSONNE,142,SKIPPED_RUBRIQUE,"— Item matutine habent quintum Reginaldi de Cramoello, canonici quondam hujus Ecclesie, situm apud Viriacum, tria arpenta pratorum et unum hospitem et duo arpenta terre apud Castellionem super ripam Secane, et censum apud Plessetum Comitis, circiter 60 solidos ; que omnia valent circiter 7 libras Parisiensium,de quibus distribuimus decem solidos in anniversario dicti Reginaldi et decem solidos in anniversario patris et matris et matris ejusdem Reginaldi. Totum residuum pertinet ad matutinas."
Si aliquis canonicus non,PERSONNE,142,SKIPPED_RUBRIQUE,"— Si aliquis canonicus non fecerit stagium suum per octo menses prout tenetur per juramentum suum singulis annis, omnes grossi fructus prebende illius canonici per singulos annos per quos non fecerit stagium erunt ad distribucionem matutinarum, sumptis prius expensis que necesse erunt ad tractanda negocia dicte ecclesie sicut et de aliis prebendis, et vicario ejusdem prebende prius renumerato de fructibus prebende illius anni sicut alii vicarii."
Item matutine,PERSONNE,142,SKIPPED_RUBRIQUE,"— Item matutine habent locaciones domorum quas Bertrannus diaconus dedit, que valent circiter 40 solidos Parisiensium, que domus sunt in claustro versus finem, juxta portam † Balduini de Corbolio usque ad magnum vicum."
Item matutine,PERSONNE,142,SKIPPED_RUBRIQUE,"— Item matutine habent super sex arpenta terre arabilis apud Montem Renardi juxta Nagiacum 14 solidos Parisiensium annui redditus, que sex arpenta terre dicte valent ad firmam 40 solidos Parisiensium, de quibus capitulum, in cujus censiva terra sedet, habet 25 solidos et 12 denarios pro capitali censu. Totum residuum scilicet 14 solidi ad matutinas."
Apud Villam Dudonem,PERSONNE,143,SKIPPED_RUBRIQUE,"— Apud Villam Dudonem, 38 arpenta terre arabilis cum herberguagio que valent in admodiacione 28 sextaria bladi, videlicet medietatem ybernagii et alteram medietatem avene, reddenda in festo Sancti Remigii vel Omnium Sanctorum ; et hujus panis distribucio pertinet ad Adventum Domini, in qua capellani et vicarii pares sunt canonicis, quod est in prejudicium canonicorum et contra consuetudines, cum in nullis aliis distribucionibus pares sint canonicis : et hoc provenit ex defectu canonicorum."
Item distribucio panis in quadragesima,PERSONNE,143,SKIPPED_RUBRIQUE,"— Item distribucio panis in quadragesima habet apud Echercon 4 libras annui redditus videlicet in censu et in dreturis et in campiparte et in rebus provenientibus de censiva que empta fuerat de denariis quos Ansellus de Scala, qui habebat in nostra ecclesia prebendam Regis, dedit Ecclesie nostre. In cujus anniversario distribuimus de eisdem denariis 20 solidos Parisiensium. Totum residuum pertinet ad distribucionem panis in quadragesima."
Item distribucio panis quadragesime,PERSONNE,143,SKIPPED_RUBRIQUE,"— Item distribucio panis quadragesime habet apud Santriacum in territorio de Buinart arpentum et dimidium vinee quam dedit Gaufridus, quondam presbiter de Santriaco, que valet singulis annis 65 solidos Parisiensium, de quibus dominus fundi habet pro mortificacione annuatim 6 solidos. Totum residuum ad panem ; et sciendum quod in nullis distribucionibus panis capellani pares sunt canonicis preterquam in pane Adventus Domini."
Item panis quadragesime,PERSONNE,144,SKIPPED_RUBRIQUE,"— Item panis quadragesime habet apud Cheneium unum arpentum vinee quam dedit Radulphus Anglicus, quondam capellanus altaris Sancti Thome, que valet per annum quinquaginta solidos Parisiensium, de quibus prior de Campis habet pro mortificacione 3 solidos. Totum residuum ad panem quadragesime."
Item distribucio panis quadragesimalis,PERSONNE,144,SKIPPED_RUBRIQUE,"— Item distribucio panis quadragesimalis habet quintum Guillelmi de Chancolia, clerici, videlicet unum arpentum vinee apud Perreium et quinque quarteria apud Cheneium."
Item distribucio panis,PERSONNE,144,SKIPPED_RUBRIQUE,"— Item distribucio panis habet de dono magistri Hamonis, canonici, arpentum et dimidium vinee apud Secheboutelle ; item unum arpentum apud Santriacum."
Item panis quadragesime,PERSONNE,144,SKIPPED_RUBRIQUE,— Item panis quadragesime habet super denarios de Milliaco qui sunt thesauro 20 libras ad ampliandum quas dominus Gilo de Torneello dedit ad distribucionem panis.
Item panis,PERSONNE,144,SKIPPED_RUBRIQUE,"— Item panis habet in thesauro 8 libras de vinea vendita que fuit Bertranni, diaconi, quam dedit ad distribucionem panis quadragesimalis."
Item panis,PERSONNE,144,SKIPPED_RUBRIQUE,"— Item panis habet 20 libras Parisiensium que debent esse in thesauro, quas dominus Hernaudus de Moiri, presbiter, dedit, et alios denarios debet habere in redempcione decime Johannis Monasterii, militis, de Veteri Corbolio."
Item panis quadragesimalis,PERSONNE,144,SKIPPED_RUBRIQUE,"— Item panis quadragesimalis debet habere 90 libras Parisiensium quas Reginaldus de Sauceto dedit ecclesie nostre, quas magister Johannes de Balencuria, nepos dicti Reginaldi debet. De quarum solucione obligavit duo arpenta vinearum in Vallibus et unum arpentum apud Ulmeium, que omnia acquisivit, et eciam partem sagene quam habet in Secana, quam emit."
Distribucio piscium in quadragesima,PERSONNE,145,SKIPPED_RUBRIQUE,— Distribucio piscium in quadragesima habet apud Soisiacum super Scolam campipartem de Monte Escouve ; item in eadem terra tres dreturas et unum quarterium ; item de eadem 13 denarios de censu in Adnunciacione Dominica in marcio.
Distribucio piscis,PERSONNE,145,SKIPPED_RUBRIQUE,"— Distribucio piscis habet apud Balencuriam duas dreturas et dimidiam, et campipartem cujusdam terre juxta viam de Salceto."
Item distribucio piscis,PERSONNE,145,SKIPPED_RUBRIQUE,"— Item distribucio piscis habet apud Sacrum Portum 14 solidos minuti census in die Brandonum, et in omni illa censiva omnes proventus pertinentes ad censivam, scilicet decimam, pedagium, rotagium, foragium, pressoragium, revestiagium, abonagium, vendas et laudes et omnia alia ad censivam pertinencia, de quibus corpus prebendarum debet habere quinque solidos de capitali censu. Totum residuum pertinet ad distribucionem piscis."
Item distribucio piscis,PERSONNE,145,SKIPPED_RUBRIQUE,— Item distribucio piscis habet apud Perrolium unum sextarium bladi.
Item refectorium,PERSONNE,146,SKIPPED_RUBRIQUE,"— Item refectorium habet juxta crucem Lemovicensis 4 quarteria vinearum, que vinea dicitur vinea de Nesplier."
Item refectorium,PERSONNE,146,SKIPPED_RUBRIQUE,"— Item refectorium habet apud Santriacum duo arpenta vinearum juxta viam que ducit ad Furcas, que vinea dicitur vinea de Fonte, in censiva capituli."
Item refectorium,PERSONNE,146,SKIPPED_RUBRIQUE,"— Item refectorium habet apud Tartaret, juxta granchiam Ludovici, 3 arpenta vinearum que dicuntur Lestrelles."
Item refectorium,PERSONNE,146,SKIPPED_RUBRIQUE,"— Item refectorium habet versus cimiterium excommunicatorum duo arpenta vinearum que dicuntur Runcavete, libera et quita, sine censu, sine decima, sine pressoragio vel aliquo alieno dominio."
Item refectorium,PERSONNE,146,SKIPPED_RUBRIQUE,"— Item refectorium habet apud Perreium arpentum et dimidium vinee, in censiva capituli."
Item refectorium,PERSONNE,146,SKIPPED_RUBRIQUE,"— Item refectorium habet super villam que dicitur Vallis quinque arpenta et dimidium vinearum, que dicuntur vinee de Closellis, de quibus unum arpentum, quod est superius, liberum est et quitum, sine censu, sine decima, sine pressoragio ; alia quatuor et dimidium debent pressoragium ad pressorium prioris de Campis et decimam Sancto Lazaro debent, sed de vino pressorii."
Item refectorium,PERSONNE,146,SKIPPED_RUBRIQUE,"— Item refectorium habet ultra Leprosoriam, secus magnam viam, duo arpenta vinee et dimidium, que dicitur vinea de Coustance, in censiva prioris de Campis, ad decem et octo denarios censuales in octabis Sancti Dyonisii ; debet eciam dicta vinea pressoragium."
Item refectorium,PERSONNE,146,SKIPPED_RUBRIQUE,— Item refectorium habet apud Cuichete (?) tria arpenta vinearum.
Item refectorium,PERSONNE,146,SKIPPED_RUBRIQUE,"— Item refectorium habet juxta pratum Auberti in rotulo de Vignon duo arpenta vinee, in duabus peciis, que dicitur de Cava Rupe, in censiva capituli, ad 15 denarios censuales in festo Sancti Remigii."
Item refectorium,PERSONNE,146,SKIPPED_RUBRIQUE,"— Item refectorium habet in rotulo de Vignon 5 quarteria vinee que dicitur Cheneviere, inter vineas canonicorum, in"
Item refectorium,PERSONNE,147,SKIPPED_RUBRIQUE,"— Item refectorium habet super vineas de Vignon dimidium arpentum vinee que dicitur Frileuse, in censiva prioris de Campis, ad quatuor denarios et obolum de censu in festo Sancti Remigii."
Item refectorium,PERSONNE,147,SKIPPED_RUBRIQUE,— Item refectorium habet juxta pressorium de Vignon quoddam arpentum vinee quod dicitur arpentum de pressorio.
Item refectorium,PERSONNE,147,SKIPPED_RUBRIQUE,"— Item refectorium habet apud Vignon, juxta vineam altaris Sancti Johannis Baptiste, unum arpentum vinee quod dicitur magnum arpentum."
Item refectorium,PERSONNE,147,SKIPPED_RUBRIQUE,"— Item refectorium habet apud Tartaret, sub clauso canonicorum, duo arpenta vinee que dicitur La Traverseinne."
Borda de piscatoria,LIEU,116,FICHE_CREEE->SSCO-AB_censier_rs_0001,"— Borda de piscatoria, 6 d."
Domus + Ade Parvi,LIEU,116,FICHE_CREEE->SSCO-AB_censier_rs_0002,"— Domus + Ade Parvi, 8 d. pro domo retro Muncellum (vel marcellum.)"
Domus + Bertranni,LIEU,132,FICHE_CREEE->SSCO-AB_censier_rs_0003,"— Domus + Bertranni, 6 d."
Domus + Hamonis canonici,LIEU,132,FICHE_CREEE->SSCO-AB_censier_rs_0004,"— Domus + Hamonis canonici, 6 d."
Domus + Houdesent,LIEU,120,FICHE_CREEE->SSCO-AB_censier_rs_0005,"— Domus + Houdesent, 3 d. pro domo, et pro platea, 7 p."
Domus + Johannis Monachi,LIEU,131,FICHE_CREEE->SSCO-AB_censier_rs_0006,"— Domus + Johannis Monachi, 2 s."
Domus + Stephani de Feritate,LIEU,114,FICHE_CREEE->SSCO-AB_censier_rs_0007,"— Domus + Stephani de Feritate, 12 d."
Domus + Theolbaldi,LIEU,113,FICHE_CREEE->SSCO-AB_censier_rs_0008,"— Domus (*) + Theolbaldi, 18 d."
Domus Ade Coillart cum gradu,LIEU,131,FICHE_CREEE->SSCO-AB_censier_rs_0009,"— Domus Ade Coillart cum gradu, 31 d."
Domus Ade Parvi que est super molendinos,LIEU,115,FICHE_CREEE->SSCO-AB_censier_rs_0010,"— Domus Ade Parvi que est super molendinos, 4 d."
Domus Albini,LIEU,131,FICHE_CREEE->SSCO-AB_censier_rs_0011,"— Domus Albini, 14 d."
Domus altaris Beate Marie,LIEU,131,FICHE_CREEE->SSCO-AB_censier_rs_0012,"— Domus altaris Beate Marie pro domo sua usque ad aquam, 3 s."
Domus altaris Sancte Crucis,LIEU,131,FICHE_CREEE->SSCO-AB_censier_rs_0013,"— Domus altaris Sancte Crucis, 3 s."
Domus altaris Sancti Petri,LIEU,131,FICHE_CREEE->SSCO-AB_censier_rs_0014,"— Domus altaris Sancti Petri, 14 d. pro domo."
Domus Arnulphi cantoris,LIEU,"114,131",FICHE_CREEE->SSCO-AB_censier_rs_0015,"— Domus Arnulphi cantoris, 8 d., et pro stabulis, 4 d. | — Domus Arnulphi cantoris, 8 d. pro stabulis quatuor."
Domus Belotin,LIEU,119,FICHE_CREEE->SSCO-AB_censier_rs_0016,"— Domus Belotin, 6 s."
Domus capellani Sancti Thome,LIEU,131,FICHE_CREEE->SSCO-AB_censier_rs_0017,"— Domus capellani Sancti Thome, 3 s."
Domus capicerie,LIEU,130,FICHE_CREEE->SSCO-AB_censier_rs_0018,"— Domus capicerie, 18 d."
Domus capituli sequens que sunt Huberti capicerii,LIEU,131,FICHE_CREEE->SSCO-AB_censier_rs_0019,"— Domus capituli sequens que sunt Huberti capicerii, 16 d."
Domus Char Aussanz,LIEU,116,FICHE_CREEE->SSCO-AB_censier_rs_0020,"— Domus Char Aussanz (?), 12 d."
Domus domini J. de Ulmeio,LIEU,"114,131",FICHE_CREEE->SSCO-AB_censier_rs_0021,"— Domus J. de Ulmeio, 3 s. | — Domus domini J. de Ulmeio, 3 s."
Domus duorum capellanorum Sancti Clementis,LIEU,131,FICHE_CREEE->SSCO-AB_censier_rs_0022,"— Domus duorum capellanorum Sancti Clementis, 8 d."
Domus Exuperii,LIEU,114,FICHE_CREEE->SSCO-AB_censier_rs_0023,"— Domus Exuperii, 6 d."
Domus Henrici de Bries,LIEU,131,FICHE_CREEE->SSCO-AB_censier_rs_0024,"— Domus Henrici de Bries, 12 d."
Domus Hugonis Briardi in piscatoria,LIEU,117,FICHE_CREEE->SSCO-AB_censier_rs_0025,"— Domus Hugonis Briardi in piscatoria, 6 d."
Domus Iahie Judei super vicum magnum,LIEU,132,FICHE_CREEE->SSCO-AB_censier_rs_0026,"— Domus Iahie Judei super vicum magnum, 3 s."
Domus J. Belli carnificis,LIEU,132,FICHE_CREEE->SSCO-AB_censier_rs_0027,"— Domus J. Belli carnificis, 4 d. ob. pro jacteia."
Domus Lemovicensis,LIEU,114,FICHE_CREEE->SSCO-AB_censier_rs_0028,"— Domus Lemovicensis, 8 d."
Domus liberorum Jaqueline la Bricharde,LIEU,132,FICHE_CREEE->SSCO-AB_censier_rs_0029,"— Domus liberorum Jaqueline la Bricharde, 3 s."
Domus Marie Barbitonsorie,LIEU,132,FICHE_CREEE->SSCO-AB_censier_rs_0030,"— Domus Marie Barbitonsorie, 11 d."
Domus matris R. episcopi Parisiensis,LIEU,131,FICHE_CREEE->SSCO-AB_censier_rs_0031,"— Domus matris R. episcopi Parisiensis, 12 d."
Domus Polinorum,LIEU,114,FICHE_CREEE->SSCO-AB_censier_rs_0032,"— Domus Polinorum, 12 d."
Domus prebende que fuit Auberti de Codreio,LIEU,132,FICHE_CREEE->SSCO-AB_censier_rs_0033,"— Domus prebende que fuit Auberti de Codreio, 8 d."
Domus quatuor cappellanorum,LIEU,114,FICHE_CREEE->SSCO-AB_censier_rs_0034,"— Domus quatuor cappellanorum, 12 d."
Domus que fuit burgenis Parisius,LIEU,115,FICHE_CREEE->SSCO-AB_censier_rs_0035,"— Domus que fuit burgenis Parisius, 9 d."
Domus que fuit Droconis Clamatoris,LIEU,"115,132",FICHE_CREEE->SSCO-AB_censier_rs_0036,"— Domus que fuit Droconis Clamatoris, 8 d. | — Domus que fuit Droconis Clamatoris, 8 d. pro jacteia super aquam."
Domus que fuit Niquerel,LIEU,131,FICHE_CREEE->SSCO-AB_censier_rs_0037,"— Domus que fuit Niquerel, 9 d., que est capituli."
Domus que fuit R. de Viriaco,LIEU,132,FICHE_CREEE->SSCO-AB_censier_rs_0038,"— Domus que fuit R. de Viriaco, 6 d."
Domus refectorii,LIEU,115,FICHE_CREEE->SSCO-AB_censier_rs_0039,"— Domus refectorii, 18 d."
Domus refrectorii (sic),LIEU,131,FICHE_CREEE->SSCO-AB_censier_rs_0040,"— Domus refrectorii (sic), 18 d."
Domus Roberti Brichardi,LIEU,131,FICHE_CREEE->SSCO-AB_censier_rs_0041,"— Domus Roberti Brichardi, 4 s. 3 ob."
Domus Roberti de Calmis,LIEU,114,FICHE_CREEE->SSCO-AB_censier_rs_0042,"— Domus Roberti de Calmis, 10 d."
Domus Rolle Brillart,LIEU,132,FICHE_CREEE->SSCO-AB_censier_rs_0043,"— Domus Rolle Brillart, 1 d."
Domus Sancte Crucis,LIEU,113,FICHE_CREEE->SSCO-AB_censier_rs_0044,"— Domus Sancte Crucis, 10 s."
Domus Sancti Blasii sequens,LIEU,131,FICHE_CREEE->SSCO-AB_censier_rs_0045,"— Domus Sancti Blasii sequens, 14 d. ; et pro pede capre, 6 d."
Domus Sancti Egidii,LIEU,132,FICHE_CREEE->SSCO-AB_censier_rs_0046,"— Domus Sancti Egidii, 6 d."
Domus Terrici capellani Sancti Blasii,LIEU,131,FICHE_CREEE->SSCO-AB_censier_rs_0047,"— Domus Terrici capellani Sancti Blasii, 18 d."
Domus Trinitatis,LIEU,"113,131",FICHE_CREEE->SSCO-AB_censier_rs_0048,"— Domus Trinitatis, 12 d. | — Domus Trinitatis, 2 s."
Ecclesie Beate Marie Parisiensis de clauso de Braatel,LIEU,125,FICHE_CREEE->SSCO-AB_censier_rs_0049,"— Ecclesie Beate Marie Parisiensis de clauso de Braatel pro matutinis, 6 s. in festo Beati Remigii."
Refectorium,LIEU,"116,145,147",FICHE_CREEE->SSCO-AB_censier_rs_0050,"— Refectorium, 15 d. pro vineis de Cheveroche. | — Refectorium habet apud Vetus Corbolium duo quarteria vinearum, in territorio quod dicitur Coquille in censiva capituli, | — Refectorium habet ibidem arpentum et dimidium vinee que dicitur La Fosse."
Refectorium Sancti Exuperii,LIEU,117,FICHE_CREEE->SSCO-AB_censier_rs_0051,"— Refectorium Sancti Exuperii, 2 d. de Coquille."
Terra Renerii Brullon,LIEU,121,FICHE_CREEE->SSCO-AB_censier_rs_0052,"— Terra Renerii Brullon, 9 d."
Vinea de Neplieiz,LIEU,117,FICHE_CREEE->SSCO-AB_censier_rs_0053,"— Vinea de Neplieiz, 4 d."
Acelinus de Lestre,PERSONNE,126,FICHE_CREEE->SSCO-AB_censier_rs_0054,"— Acelinus de Lestre, 3 ob. pro uno arpento terre ultra nemus."
Adam Caligarius,PERSONNE,131,FICHE_CREEE->SSCO-AB_censier_rs_0055,"— Adam Caligarius, 12 d. pro domo sua."
Adam Cochetarius,PERSONNE,"117,119",FICHE_CREEE->SSCO-AB_censier_rs_0056,"— Adam Cochetarius, 10 d. pro vinea. | — Adam Cochetarius, 18 d. pro clauso defuncti Jadonis."
Adam Comes,PERSONNE,134,FICHE_CREEE->SSCO-AB_censier_rs_0057,"— Adam Comes, 6 d."
Adam de Ver,PERSONNE,137,FICHE_CREEE->SSCO-AB_censier_rs_0058,"— Adam de Ver, 2 d. pro arpento."
Adam Gonteri,PERSONNE,120,FICHE_CREEE->SSCO-AB_censier_rs_0059,"— Adam Gonteri, 12 d."
Adam Gontier,PERSONNE,"120,120,120",FICHE_CREEE->SSCO-AB_censier_rs_0060,"— Adam Gontier, 5 d. pro terra sua super ripam Secane. | — Adam Gontier, 5 d. pro domo sua de Bordis. | — Adam Gontier pro domo sua de Bordis, 12 d."
Adam Jadais,PERSONNE,134,FICHE_CREEE->SSCO-AB_censier_rs_0061,"— Adam Jadais, 12 d."
Adam Muriau,PERSONNE,134,FICHE_CREEE->SSCO-AB_censier_rs_0062,"— Adam Muriau, 3 ob."
Adam Pavator,PERSONNE,132,FICHE_CREEE->SSCO-AB_censier_rs_0063,"— Adam Pavator, 18 d. pro domo que fuit + Petri Jocelini."
Albinus Carpentarius,PERSONNE,114,FICHE_CREEE->SSCO-AB_censier_rs_0064,"— Albinus Carpentarius, 14 d."
Alein lo Fevre,PERSONNE,135,FICHE_CREEE->SSCO-AB_censier_rs_0065,"— Alein lo Fevre, 7 d. picta minus."
Alexander Joce,PERSONNE,129,FICHE_CREEE->SSCO-AB_censier_rs_0066,"— Alexander Joce, 7 d. et obolum pro droitura et dimidia."
Altare Sancti Blasii,PERSONNE,"137,139",FICHE_CREEE->SSCO-AB_censier_rs_0067,— Altare Sancti Blasii habet unum arpentum vinee in territorio de Mauguarde in censiva capituli Sancti Exuperii de cujus emptione habet litteras. | — Altare Sancti Blasii habet unum arpentum vinee apud Seintriacum de quo habet litteras.
Altare Sancti Nicholai,PERSONNE,120,FICHE_CREEE->SSCO-AB_censier_rs_0068,"— Altare Sancti Nicholai, 4 d. pro virgulto juxta Fontem Ordeorum."
Ancelina de Corciaus,PERSONNE,118,FICHE_CREEE->SSCO-AB_censier_rs_0069,"— Ancelina de Corciaus, 2 d."
Andreas Berte,PERSONNE,128,FICHE_CREEE->SSCO-AB_censier_rs_0070,"— Andreas Berte, 2 d. et obolum pro dimidio dreture."
Andreas de Bordis,PERSONNE,130,FICHE_CREEE->SSCO-AB_censier_rs_0071,"— Andreas de Bordis, 5 d. pro dretura."
Andreas de Liciis,PERSONNE,116,FICHE_CREEE->SSCO-AB_censier_rs_0072,"— Andreas de Liciis, 2 d. pro vinea."
Andreas Ligart,PERSONNE,129,FICHE_CREEE->SSCO-AB_censier_rs_0073,"— Andreas Ligart, 2 d. et obolum pro dimidia droitura."
Andreas Monachus,PERSONNE,129,FICHE_CREEE->SSCO-AB_censier_rs_0074,"— Andreas Monachus, 7 d. et obolum pro una dretura et dimidia."
Anquetinus de Chimino,PERSONNE,121,FICHE_CREEE->SSCO-AB_censier_rs_0075,"— Anquetinus de Chimino, 11 d. et 1 p."
Anselius cantor,PERSONNE,113,FICHE_CREEE->SSCO-AB_censier_rs_0076,"— Anselius cantor, 3 s."
Ansellus cantor,PERSONNE,130,FICHE_CREEE->SSCO-AB_censier_rs_0077,"— Ansellus cantor, 3 s. pro domo sua ; et pro domo luminaris, 6 d."
Arnulphus Carpentarius,PERSONNE,137,FICHE_CREEE->SSCO-AB_censier_rs_0078,"— Arnulphus Carpentarius, 2 d. pro arpento."
Arnulphus de Verneuille,PERSONNE,126,FICHE_CREEE->SSCO-AB_censier_rs_0079,"— Arnulphus de Verneuille, 3 d. pro dimidio arpento vinee que est ad portum de Verneuille."
Arnulphus de Yardo,PERSONNE,136,FICHE_CREEE->SSCO-AB_censier_rs_0080,"— Arnulphus de Yardo, 4 d. pro dimidio arpento."
Arnulphus Faber de Forges,PERSONNE,128,FICHE_CREEE->SSCO-AB_censier_rs_0081,"— Arnulphus Faber de Forges, 5 d. et pictam."
Arnulphus Monachus,PERSONNE,128,FICHE_CREEE->SSCO-AB_censier_rs_0082,"— Arnulphus Monachus, 2 d. ob. pro dimidio droitura."
Aubertus Carnifex,PERSONNE,129,FICHE_CREEE->SSCO-AB_censier_rs_0083,"— Aubertus Carnifex, 7 p. et dimidiam pictam pro quarterio et dimidio."
Aubertus de Columiers,PERSONNE,121,FICHE_CREEE->SSCO-AB_censier_rs_0084,"— Aubertus de Columiers, 18 d. pro terra juxta pressorium Ade Herun."
Aubertus de Coudreio,PERSONNE,114,FICHE_CREEE->SSCO-AB_censier_rs_0085,"— Aubertus de Coudreio, 8 d."
Aubertus de Monte Sancti Petri,PERSONNE,126,FICHE_CREEE->SSCO-AB_censier_rs_0086,"— Dominus Aubertus de Monte Sancti Petri, 8 d. et ob. et duas dreturas pro terra de Monte Eschoue."
Aubertus Dure-Borse,PERSONNE,"126,130",FICHE_CREEE->SSCO-AB_censier_rs_0087,"— Aubertus Dure-Borse, 3 d. pro tribus quarteriis. | — Aubertus Dure Borse, 2 d. et obolum."
Aubertus Hasart,PERSONNE,129,FICHE_CREEE->SSCO-AB_censier_rs_0088,"— Aubertus Hasart, 2 d. et obolum."
Auborgis relicta Roselli,PERSONNE,130,FICHE_CREEE->SSCO-AB_censier_rs_0089,"— Auborgis relicta Roselli, 3 d. et 3 pictas, pro tribus quarteriis."
Aviart,PERSONNE,135,FICHE_CREEE->SSCO-AB_censier_rs_0090,"— Aviart, 3 d."
Balduinus de Chemino,PERSONNE,121,FICHE_CREEE->SSCO-AB_censier_rs_0091,"— Balduinus de Chemino, 9 d."
Bartholomeus Charles,PERSONNE,116,FICHE_CREEE->SSCO-AB_censier_rs_0092,"— Bartholomeus Charles, 8 d. pro vinea."
Bartholomeus de Forges,PERSONNE,126,FICHE_CREEE->SSCO-AB_censier_rs_0093,"— Bartholomeus de Forges, 2 d. pro uno arpento terre que est ultra nemus."
Bartholomeus filius + Renoldi,PERSONNE,127,FICHE_CREEE->SSCO-AB_censier_rs_0094,"— Bartholomeus filius + Renoldi, 3 d. pro dimidio arpento vinee que est a Maupertuis."
Beate Marie de Corbolio,PERSONNE,124,FICHE_CREEE->SSCO-AB_censier_rs_0095,"— Beate Marie de Corbolio pro camera, 12 s. pro molendino de Essona, et 6 d. de re eis ignota."
Belon Reinjart,PERSONNE,134,FICHE_CREEE->SSCO-AB_censier_rs_0096,"— Belon Reinjart, 3 ob."
Benedictus et Michael,PERSONNE,121,FICHE_CREEE->SSCO-AB_censier_rs_0097,"— Benedictus et Michael, 1 d. ob."
Bernardus de Varatres,PERSONNE,134,FICHE_CREEE->SSCO-AB_censier_rs_0098,"— Bernardus de Varatres, 3 d."
Bernardus Figulus,PERSONNE,135,FICHE_CREEE->SSCO-AB_censier_rs_0099,"— Bernardus Figulus, 3 d."
Bertaudus,PERSONNE,135,FICHE_CREEE->SSCO-AB_censier_rs_0100,"— Bertaudus, 3 d."
Bertaudus Belot,PERSONNE,134,FICHE_CREEE->SSCO-AB_censier_rs_0101,"— Bertaudus Belot, 3 d."
Bertaudus Jocelini,PERSONNE,132,FICHE_CREEE->SSCO-AB_censier_rs_0102,"— Bertaudus Jocelini, 9 d. pro domo."
Berterius de Gallande,PERSONNE,122,FICHE_CREEE->SSCO-AB_censier_rs_0103,"— Dominus Berterius de Gallande, 7 d."
Berthaudus Prepositus,PERSONNE,116,FICHE_CREEE->SSCO-AB_censier_rs_0104,"— Berthaudus Prepositus, 4 d. pro vinea de Boucornu."
Brillardus,PERSONNE,115,FICHE_CREEE->SSCO-AB_censier_rs_0105,"— Brillardus pro eadem domo, 1 d."
Burgensis Talemerarius,PERSONNE,118,FICHE_CREEE->SSCO-AB_censier_rs_0106,"— Burgensis Talemerarius, 1 d."
Canonici de domo Niquerel,PERSONNE,114,FICHE_CREEE->SSCO-AB_censier_rs_0107,"— Canonici de domo Niquerel, 9 d."
Capellanus Sancti Bartholomei,PERSONNE,130,FICHE_CREEE->SSCO-AB_censier_rs_0108,"— Capellanus Sancti Bartholomei, 12 d. pro domo sua."
Capellanus Sancti Dionisii,PERSONNE,132,FICHE_CREEE->SSCO-AB_censier_rs_0109,"— Capellanus Sancti Dionisii, 12 d. pro domo."
Capellanus Sancti Martini,PERSONNE,131,FICHE_CREEE->SSCO-AB_censier_rs_0110,"— Capellanus Sancti Martini, 12 d. pro domo."
Capellanus Sancti Nicholai,PERSONNE,132,FICHE_CREEE->SSCO-AB_censier_rs_0111,"— Capellanus Sancti Nicholai, 3 d."
Capicerius Beate Marie Corboliensis,PERSONNE,116,FICHE_CREEE->SSCO-AB_censier_rs_0112,"— Capicerius Beate Marie Corboliensis, 12 d., pro vinea de Boucournu."
Clemens Poifo,PERSONNE,136,FICHE_CREEE->SSCO-AB_censier_rs_0113,"— Clemens Poifo (?), 6 d."
Communitas ecclesie Sancti Exuperii,PERSONNE,117,FICHE_CREEE->SSCO-AB_censier_rs_0114,"— Communitas ecclesie Sancti Exuperii, 2 s."
Confratria,PERSONNE,131,FICHE_CREEE->SSCO-AB_censier_rs_0115,"— Confratria, 12 d. pro domibus que fuerunt Poilevant."
Couterez,PERSONNE,121,FICHE_CREEE->SSCO-AB_censier_rs_0116,"— Couterez, 6 d."
de Guallande,PERSONNE,136,FICHE_CREEE->SSCO-AB_censier_rs_0117,"— Domina de Guallande, 7 d. super omnes terras arabiles quas hospites sui tenent apud Poulli."
Droco Bonnel,PERSONNE,126,FICHE_CREEE->SSCO-AB_censier_rs_0118,"— Droco Bonnel, 8 d. pro duobus arpentis et dimidio terre que est au gros buison."
Droco Brichart,PERSONNE,115,FICHE_CREEE->SSCO-AB_censier_rs_0119,"— Droco Brichart, 2 s."
Droco de Miseri,PERSONNE,123,FICHE_CREEE->SSCO-AB_censier_rs_0120,"— Droco de Miseri, 1 d. de eadem villa, obolum ad consuetudinem bladi."
Droco de Villededon,PERSONNE,135,FICHE_CREEE->SSCO-AB_censier_rs_0121,"— Droco de Villededon, 3 d."
Droco filius Theolbaldi Ligart,PERSONNE,137,FICHE_CREEE->SSCO-AB_censier_rs_0122,"— Droco filius Theolbaldi Ligart, 2 d. pro arpento."
Droco Peterel et ejus soror,PERSONNE,115,FICHE_CREEE->SSCO-AB_censier_rs_0123,"— Droco Peterel et ejus soror, 12 d."
Due domuncule de Lacurtille,PERSONNE,114,FICHE_CREEE->SSCO-AB_censier_rs_0124,"— Due domuncule de Lacurtille, 2 s., 8 d."
Durandus filius ejus,PERSONNE,121,FICHE_CREEE->SSCO-AB_censier_rs_0125,"— Durandus filius ejus, 3 d. de Evriaco et 3 d. et p. pro terra de Chimino."
Dyonisius Papillons,PERSONNE,137,FICHE_CREEE->SSCO-AB_censier_rs_0126,"— Dyonisius Papillons, 3 d. pro dimidio arpento."
Edelina relicta Stephani Ferrici,PERSONNE,137,FICHE_CREEE->SSCO-AB_censier_rs_0127,"— Edelina relicta Stephani Ferrici, 4 d. pro arpento."
Emanjart Hupeoire,PERSONNE,129,FICHE_CREEE->SSCO-AB_censier_rs_0128,"— Emanjart Hupeoire, 5 p. pro quarterio."
Emelina de Bordis,PERSONNE,137,FICHE_CREEE->SSCO-AB_censier_rs_0129,"— Emelina de Bordis, 3 d. pro arpento et dimidio."
Enjorrant de Veteri Corbolio,PERSONNE,117,FICHE_CREEE->SSCO-AB_censier_rs_0130,"— Enjorrant de Veteri Corbolio, 2 d. pro vinea."
Eodem die liberi Turion de Leudevilla,PERSONNE,124,FICHE_CREEE->SSCO-AB_censier_rs_0131,"— Eodem die liberi Turion de Leudevilla, 8 d. de censu."
Eramburgis de Evriaco relicta Guiardi Bodet,PERSONNE,119,FICHE_CREEE->SSCO-AB_censier_rs_0132,"— Eramburgis de Evriaco relicta Guiardi Bodet, 1 d. pro terra de Tigiriaco."
Eramburgis Preposita,PERSONNE,137,FICHE_CREEE->SSCO-AB_censier_rs_0133,"— Eramburgis Preposita, 2 d. pro arpento."
Erembour Baudemande,PERSONNE,116,FICHE_CREEE->SSCO-AB_censier_rs_0134,"— Erembour Baudemande, 4 d., de chaneveria."
Erembour Baudemende,PERSONNE,114,FICHE_CREEE->SSCO-AB_censier_rs_0135,"— Erembour Baudemende, 3 s., 3 d. minus."
Ermanjart La Chambellande,PERSONNE,128,FICHE_CREEE->SSCO-AB_censier_rs_0136,"— Ermanjart La Chambellande, 2 d. et obolum pro dimidio dreture."
Ernaudus de Bordis,PERSONNE,121,FICHE_CREEE->SSCO-AB_censier_rs_0137,"— Ernaudus de Bordis, 6 d. pro vinea. | — Ernaudus de Bordis, 3 d. pro domo."
Evrardus Flaon,PERSONNE,121,FICHE_CREEE->SSCO-AB_censier_rs_0138,"— Evrardus Flaon, 18 d."
Famulo Sancti Exuperii,PERSONNE,125,FICHE_CREEE->SSCO-AB_censier_rs_0139,"— Famulo Sancti Exuperii pro custodia vinearum, 6 s."
Ferricus de Cramoello,PERSONNE,117,FICHE_CREEE->SSCO-AB_censier_rs_0140,"— Ferricus de Cramoello, 8 d. pro vinea de Saintri."
Ferricus de Everi,PERSONNE,121,FICHE_CREEE->SSCO-AB_censier_rs_0141,"— Ferricus de Everi, 4 d."
Ferricus Doiart,PERSONNE,133,FICHE_CREEE->SSCO-AB_censier_rs_0142,"— Ferricus Doiart, 3 d."
Ferricus Donedi,PERSONNE,136,FICHE_CREEE->SSCO-AB_censier_rs_0143,"— Ferricus Donedi, 9 d."
Ferricus Popin,PERSONNE,122,FICHE_CREEE->SSCO-AB_censier_rs_0144,"— Ferricus Popin, 8 d."
Filius + Herberti de Divite Burgo,PERSONNE,117,FICHE_CREEE->SSCO-AB_censier_rs_0145,"— Filius + Herberti de Divite Burgo, 8 d. pro vinea de Boucornu."
Filius Clarte,PERSONNE,114,FICHE_CREEE->SSCO-AB_censier_rs_0146,"— Filius Clarte, 12 d."
Floria uxor Hermerii,PERSONNE,129,FICHE_CREEE->SSCO-AB_censier_rs_0147,"— Floria uxor Hermerii, 5 p. pro dimidio quarterio."
Formundus de Bordis,PERSONNE,129,FICHE_CREEE->SSCO-AB_censier_rs_0148,"— Formundus de Bordis, 9 d. picta minus pro septem quarteriis."
Formundus Mancerius,PERSONNE,122,FICHE_CREEE->SSCO-AB_censier_rs_0149,"— Formundus Mancerius (?), 8 d."
Gacelinus Talemerarius,PERSONNE,116,FICHE_CREEE->SSCO-AB_censier_rs_0150,"— Gacelinus Talemerarius, 4 d. pro vinea de Vallibus."
Galterius canonicus,PERSONNE,116,FICHE_CREEE->SSCO-AB_censier_rs_0151,"— Galterius canonicus, 2 d. ob. de cistellis (?) de Vignon."
Galterius Corvelier,PERSONNE,133,FICHE_CREEE->SSCO-AB_censier_rs_0152,"— Galterius Corvelier, 3 d."
Galterius filius + Nicholai,PERSONNE,122,FICHE_CREEE->SSCO-AB_censier_rs_0153,"— Galterius filius + Nicholai, 8 d."
Galterus canoninus,PERSONNE,120,FICHE_CREEE->SSCO-AB_censier_rs_0154,"— Galterus canoninus pro vinea Furcarum et decima, 2 s., quos nunc debet altare Trinitatis."
Galterus Hamonis,PERSONNE,119,FICHE_CREEE->SSCO-AB_censier_rs_0155,"— Galterus Hamonis, 4 d. pro vinea de Saintri."
Galterus Numerius,PERSONNE,121,FICHE_CREEE->SSCO-AB_censier_rs_0156,"— Galterus Numerius, 3 d. pro vinea."
Gaubertus,PERSONNE,132,FICHE_CREEE->SSCO-AB_censier_rs_0157,"— Gaubertus, 4 d. ob. pro domo sua."
Gaufridus,PERSONNE,116,FICHE_CREEE->SSCO-AB_censier_rs_0158,"— Dominus Gaufridus, 9 d. pro terra sua."
Gaufridus Bobe,PERSONNE,122,FICHE_CREEE->SSCO-AB_censier_rs_0159,"— Gaufridus Bobe, 2 d."
Gaufridus capellanus,PERSONNE,114,FICHE_CREEE->SSCO-AB_censier_rs_0160,"— Gaufridus capellanus pro domo sua, 12 d."
Gaufridus clericus,PERSONNE,118,FICHE_CREEE->SSCO-AB_censier_rs_0161,"— Gaufridus clericus, 4 d. pro vinea de Seintri et pro vineis + Eustacii de Chient, 9 d."
Gaufridus de Vere Magno,PERSONNE,119,FICHE_CREEE->SSCO-AB_censier_rs_0162,"— Gaufridus de Vere Magno, 2 d. ob. pro terra sua."
Gaufridus Niquerel,PERSONNE,116,FICHE_CREEE->SSCO-AB_censier_rs_0163,"— Gaufridus Niquerel, 4 d. pro platea defuncti Johannis Le Truant."
Gaufridus Petri,PERSONNE,127,FICHE_CREEE->SSCO-AB_censier_rs_0164,"— Gaufridus Petri, 4 d. pro dimidio arpento vinee que est a Maupertuis."
Gaufridus Sutor,PERSONNE,129,FICHE_CREEE->SSCO-AB_censier_rs_0165,"— Gaufridus Sutor, 2 d. et obolum pro dimidia droitura."
Germondus,PERSONNE,121,FICHE_CREEE->SSCO-AB_censier_rs_0166,"— Germondus, 6 d. pro domo."
Gervasius,PERSONNE,134,FICHE_CREEE->SSCO-AB_censier_rs_0167,"— Gervasius, 4 d. ob."
Gila la Foretiere et relicta Ferrici Le Maçon,PERSONNE,133,FICHE_CREEE->SSCO-AB_censier_rs_0168,"— Gila la Foretiere et relicta Ferrici Le Maçon, 3 ob."
Gilo dictus Marcellus,PERSONNE,133,FICHE_CREEE->SSCO-AB_censier_rs_0169,"— Gilo dictus Marcellus, 6 d."
Gilo Haviart,PERSONNE,133,FICHE_CREEE->SSCO-AB_censier_rs_0170,"— Gilo Haviart, 1 d."
Girardus Cavatarius,PERSONNE,133,FICHE_CREEE->SSCO-AB_censier_rs_0171,"— Girardus Cavatarius, 3 d."
Girardus Cordarius,PERSONNE,133,FICHE_CREEE->SSCO-AB_censier_rs_0172,"— Girardus Cordarius, 13 d. ob."
Girardus de Ceson,PERSONNE,127,FICHE_CREEE->SSCO-AB_censier_rs_0173,"— Girardus de Ceson, 9 d. pro terra sua de Ceson."
Girardus de Villepaacle et sa filatre,PERSONNE,134,FICHE_CREEE->SSCO-AB_censier_rs_0174,"— Girardus de Villepaacle et sa filatre, 9 d."
Girardus Richardi,PERSONNE,126,FICHE_CREEE->SSCO-AB_censier_rs_0175,"— Girardus Richardi, 2 d. et dimidiam dreturam."
Girart Savoir,PERSONNE,127,FICHE_CREEE->SSCO-AB_censier_rs_0176,"— Girart Savoir, 3 d. pro dimidio arpento terre et dimidio arpento vinee a Blacart."
Giriaumes,PERSONNE,135,FICHE_CREEE->SSCO-AB_censier_rs_0177,"— Giriaumes, 7 d. ob."
Gonterius de Moncello Brasens,PERSONNE,121,FICHE_CREEE->SSCO-AB_censier_rs_0178,"— Gonterius de Moncello Brasens, 3 d."
Gourdevant,PERSONNE,132,FICHE_CREEE->SSCO-AB_censier_rs_0179,"— Gourdevant, 3 d. pro domo."
Guaces de Sancto Lupo,PERSONNE,127,FICHE_CREEE->SSCO-AB_censier_rs_0180,"— Guaces de Sancto Lupo, 3 d. pro uno arpento terre et pro dimidio arpento vinee que sunt a Bletart."
Gualterius de Servigni,PERSONNE,117,FICHE_CREEE->SSCO-AB_censier_rs_0181,"— Gualterius de Servigni, 4 d."
Gualterius Racicaut,PERSONNE,118,FICHE_CREEE->SSCO-AB_censier_rs_0182,"— Gualterius Racicaut, 3 s. pro domo sua."
Guarnerius barbitonsor,PERSONNE,132,FICHE_CREEE->SSCO-AB_censier_rs_0183,"— Guarnerius barbitonsor, 2 s. 5 d. ob. pro domibus que fuerunt Richeri Pion."
Guerins Mignons,PERSONNE,114,FICHE_CREEE->SSCO-AB_censier_rs_0184,"— Guerins Mignons, 12 d."
Guiardus Bochet,PERSONNE,129,FICHE_CREEE->SSCO-AB_censier_rs_0185,"— Guiardus Bochet, 5 p."
Guiardus Brubit et Johannes Ferrant,PERSONNE,134,FICHE_CREEE->SSCO-AB_censier_rs_0186,"— Guiardus Brubit et Johannes Ferrant, 6 d. pictam."
Guiardus de Varatres,PERSONNE,134,FICHE_CREEE->SSCO-AB_censier_rs_0187,"— Guiardus de Varatres, 3 d."
Guibertus,PERSONNE,114,FICHE_CREEE->SSCO-AB_censier_rs_0188,"— Guibertus, 3 s."
Guilebertus Ruphus,PERSONNE,127,FICHE_CREEE->SSCO-AB_censier_rs_0189,"— Guilebertus Ruphus, 2 d. pro duabus partibus cujusdam quarterii vinee que est a Bletart."
Guillelmus Bertaudi,PERSONNE,"118,119",FICHE_CREEE->SSCO-AB_censier_rs_0190,"— Guillelmus Bertaudi, 9 d. pro domo, et pro vinea sua de Soufflet, 6 d. | — Guillelmus Bertaudi, pro domo sua, 19 d."
Guillelmus Cambellarius,PERSONNE,128,FICHE_CREEE->SSCO-AB_censier_rs_0191,"— Guillelmus Cambellarius, 5 p. pro quarterio dreture."
Guillelmus Coillart,PERSONNE,117,FICHE_CREEE->SSCO-AB_censier_rs_0192,"— Guillelmus Coillart, 8 d. pro vinea de Maugarde."
Guillelmus Cornutus,PERSONNE,129,FICHE_CREEE->SSCO-AB_censier_rs_0193,"— Guillelmus Cornutus, 2 d. et obolum."
Guillelmus d'Arondel,PERSONNE,128,FICHE_CREEE->SSCO-AB_censier_rs_0194,"— Guillelmus d'Arondel, 11 d. pictam pro duabus dreturis et uno quarterio."
Guillelmus de Eschercon,PERSONNE,121,FICHE_CREEE->SSCO-AB_censier_rs_0195,"— Guillelmus de Eschercon, 12 d. pro terra Chemini."
Guillelmus de Evriaco,PERSONNE,121,FICHE_CREEE->SSCO-AB_censier_rs_0196,"— Guillelmus de Evriaco, 3 d. pro domo."
Guillelmus de Pruneio,PERSONNE,121,FICHE_CREEE->SSCO-AB_censier_rs_0197,"— Guillelmus de Pruneio, 8 d. pro vinea sua de Tartaret."
Guillelmus de Prunoi,PERSONNE,113,FICHE_CREEE->SSCO-AB_censier_rs_0198,"— Guillelmus de Prunoi, 3 s."
Guillelmus de Valle,PERSONNE,118,FICHE_CREEE->SSCO-AB_censier_rs_0199,"— Guillelmus de Valle, 2 d. pro terra de Coupigni."
Guillelmus de Vasenon,PERSONNE,137,FICHE_CREEE->SSCO-AB_censier_rs_0200,"— Guillelmus de Vasenon, filius Symonis Bertranni, 2 d. pro quarterio et dimidio."
Guillelmus Ferrant,PERSONNE,134,FICHE_CREEE->SSCO-AB_censier_rs_0201,"— Guillelmus Ferrant, 6 d. et pictam."
Guillelmus frater ejus,PERSONNE,118,FICHE_CREEE->SSCO-AB_censier_rs_0202,"— Guillelmus frater ejus, 2 d."
Guillelmus Gainart,PERSONNE,129,FICHE_CREEE->SSCO-AB_censier_rs_0203,"— Guillelmus Gainart (?), 5 p. pro eadem droitura."
Guillelmus Haumer,PERSONNE,131,FICHE_CREEE->SSCO-AB_censier_rs_0204,"— Guillelmus Haumer, 12 d. pro domo sua."
Guillelmus Hecelins,PERSONNE,136,FICHE_CREEE->SSCO-AB_censier_rs_0205,"— Guillelmus Hecelins, 4 d. pro arpento."
Guillelmus Jeumeri,PERSONNE,129,FICHE_CREEE->SSCO-AB_censier_rs_0206,"— Guillelmus Jeumeri, 5 p. pro quarterio."
Guillelmus Liécent,PERSONNE,134,FICHE_CREEE->SSCO-AB_censier_rs_0207,"— Guillelmus Liécent, 3 ob."
Guillelmus Mazevirarius,PERSONNE,114,FICHE_CREEE->SSCO-AB_censier_rs_0208,"— Guillelmus Mazevirarius, 19 d."
Guillelmus Paste,PERSONNE,118,FICHE_CREEE->SSCO-AB_censier_rs_0209,"— Dominus Guillelmus Paste, 8 d."
Guillelmus Peschapie,PERSONNE,120,FICHE_CREEE->SSCO-AB_censier_rs_0210,"— Guillelmus Peschapie, 5 d. pro domo sua, et mater ejus, 2 d."
Guillelmus Richardi de Sacro Portu,PERSONNE,127,FICHE_CREEE->SSCO-AB_censier_rs_0211,"— Guillelmus Richardi de Sacro Portu, 8 d. pro tribus quarteriis vinee que est a Blacart."
Guillelmus Sutor,PERSONNE,127,FICHE_CREEE->SSCO-AB_censier_rs_0212,"— Guillelmus Sutor, 1 d. pro terra sua que est ultra nemus."
Guillelmus Verons,PERSONNE,136,FICHE_CREEE->SSCO-AB_censier_rs_0213,"— Guillelmus Verons, 6 d. pro tribus arpentis uno quarterio minus."
Harduinus de Corciaus,PERSONNE,122,FICHE_CREEE->SSCO-AB_censier_rs_0214,"— Harduinus de Corciaus, 2 d."
Haubertus Li Peletiers,PERSONNE,135,FICHE_CREEE->SSCO-AB_censier_rs_0215,"— Haubertus Li Peletiers, 3 d."
Hecelinus,PERSONNE,127,FICHE_CREEE->SSCO-AB_censier_rs_0216,"— Hecelinus, 13 d. et obolum pro tribus arpentis terre a Blacart."
Hecelinus gener Guillelmi de Sacro Portu,PERSONNE,127,FICHE_CREEE->SSCO-AB_censier_rs_0217,"— Hecelinus gener Guillelmi de Sacro Portu, 5 d. pro dimidio arpento vinee a Blacart."
Heimardus Jadais,PERSONNE,135,FICHE_CREEE->SSCO-AB_censier_rs_0218,"— Heimardus Jadais, 3 d."
Heimart de Moiri,PERSONNE,134,FICHE_CREEE->SSCO-AB_censier_rs_0219,"— Heimart de Moiri, 3 d."
Henricus de Meinvilla,PERSONNE,129,FICHE_CREEE->SSCO-AB_censier_rs_0220,"— Henricus de Meinvilla, 2 d. et obolum."
Henricus Meaut,PERSONNE,134,FICHE_CREEE->SSCO-AB_censier_rs_0221,"— Henricus Meaut, 3 ob."
Herberta,PERSONNE,120,FICHE_CREEE->SSCO-AB_censier_rs_0222,"— Herberta pro granchia + Ludovici, 12 d."
Herbertus de Brociis,PERSONNE,118,FICHE_CREEE->SSCO-AB_censier_rs_0223,"— Herbertus de Brociis, 12 d. pro tribus quarteriis terre, et pro vinea, 4 d."
Hersant des Broces,PERSONNE,136,FICHE_CREEE->SSCO-AB_censier_rs_0224,"— Hersant des Broces, 3 d."
Hersant la Brocarde,PERSONNE,135,FICHE_CREEE->SSCO-AB_censier_rs_0225,"— Hersant la Brocarde, 3 ob."
Hersant Latuée,PERSONNE,136,FICHE_CREEE->SSCO-AB_censier_rs_0226,"— Hersant Latuée, 10 d. ob."
Heustachia de Leurseint,PERSONNE,135,FICHE_CREEE->SSCO-AB_censier_rs_0227,"— Heustachia de Leurseint, 4 d. picta minus."
Hiart de Vilededon,PERSONNE,135,FICHE_CREEE->SSCO-AB_censier_rs_0228,"— Hiart (?) de Vilededon, 3 d."
Hisabel de Paroi,PERSONNE,136,FICHE_CREEE->SSCO-AB_censier_rs_0229,"— Hisabel de Paroi, 4 d. et pictam."
Hospitali de Corbolio,PERSONNE,125,FICHE_CREEE->SSCO-AB_censier_rs_0230,"— Hospitali de Corbolio, 12 d. pro chaneveria."
Houdenon la Jeuberte,PERSONNE,135,FICHE_CREEE->SSCO-AB_censier_rs_0231,"— Houdenon la Jeuberte, 3 ob."
Hubertus capicerius et Simon de Breia,PERSONNE,113,FICHE_CREEE->SSCO-AB_censier_rs_0232,"— Hubertus capicerius (?) et Simon de Breia, 16 d."
Hubertus de Villa Nova,PERSONNE,121,FICHE_CREEE->SSCO-AB_censier_rs_0233,"— Hubertus de Villa Nova, 2 d."
Hubertus frater ejus,PERSONNE,119,FICHE_CREEE->SSCO-AB_censier_rs_0234,"— Hubertus frater ejus, 6 d."
Hubertus Pavator,PERSONNE,118,FICHE_CREEE->SSCO-AB_censier_rs_0235,"— Hubertus Pavator, 15 d. pro domo sua."
Hugo,PERSONNE,136,FICHE_CREEE->SSCO-AB_censier_rs_0236,"— Magister Hugo, 15 d."
Hugo Coillart,PERSONNE,116,FICHE_CREEE->SSCO-AB_censier_rs_0237,"— Hugo Coillart, VI d. pro domo sua."
Hugo de Liciis,PERSONNE,116,FICHE_CREEE->SSCO-AB_censier_rs_0238,"— Hugo de Liciis, 12 d. ob. de domo,"
Hugo de Nagi,PERSONNE,113,FICHE_CREEE->SSCO-AB_censier_rs_0239,"— Hugo de Nagi pro domo sua, 7 denarii."
Hugo du Buisson,PERSONNE,118,FICHE_CREEE->SSCO-AB_censier_rs_0240,"— Hugo du Buisson, 1 p."
Hugo Surdus,PERSONNE,133,FICHE_CREEE->SSCO-AB_censier_rs_0241,"— Hugo Surdus, 3 d."
Isabel de claustro,PERSONNE,113,FICHE_CREEE->SSCO-AB_censier_rs_0242,"— Isabel de claustro, 16 d."
Isabel de Sancto Lupo,PERSONNE,127,FICHE_CREEE->SSCO-AB_censier_rs_0243,"— Isabel de Sancto Lupo, 4 d. et obolum pro jornel et dimidio terre et dimidio quarterio vinee."
Isembardus de Chemino,PERSONNE,121,FICHE_CREEE->SSCO-AB_censier_rs_0244,"— Isembardus de Chemino, 4 d. ob."
Isembert Goin,PERSONNE,128,FICHE_CREEE->SSCO-AB_censier_rs_0245,"— Isembert Goin, 2 d. et obolum pro dimidio dreture."
Jaie Judeus,PERSONNE,113,FICHE_CREEE->SSCO-AB_censier_rs_0246,"— Jaie Judeus pro domo sua, 3 s."
Jameline,PERSONNE,129,FICHE_CREEE->SSCO-AB_censier_rs_0247,"— Jameline, 7 p. et dimidiam pictam pro quarterio et dimidio."
Jeubertus Brichart,PERSONNE,114,FICHE_CREEE->SSCO-AB_censier_rs_0248,"— Jeubertus Brichart, 2 s."
Jeubertus textor,PERSONNE,118,FICHE_CREEE->SSCO-AB_censier_rs_0249,"— Jeubertus textor, 12 d. pro domo, et preposito, 3 s."
Joannes Jonveri,PERSONNE,118,FICHE_CREEE->SSCO-AB_censier_rs_0250,"— Joannes Jonveri, 2 d. pro domo sua de Veteri Corbolio."
Johannes Auscheri,PERSONNE,122,FICHE_CREEE->SSCO-AB_censier_rs_0251,"— Johannes Auscheri, 2 d."
Johannes Aviart,PERSONNE,129,FICHE_CREEE->SSCO-AB_censier_rs_0252,"— Johannes Aviart, 5 p."
Johannes Biaugendre,PERSONNE,134,FICHE_CREEE->SSCO-AB_censier_rs_0253,"— Johannes Biaugendre, 9 d. ob."
Johannes Boivin,PERSONNE,129,FICHE_CREEE->SSCO-AB_censier_rs_0254,"— Johannes Boivin, 2 d. et obolum."
Johannes de Broces,PERSONNE,133,FICHE_CREEE->SSCO-AB_censier_rs_0255,"— Johannes de Broces, 3 d. (?)"
Johannes de Chemino,PERSONNE,121,FICHE_CREEE->SSCO-AB_censier_rs_0256,"— Johannes de Chemino, 16 d. ob."
Johannes de Danemarie,PERSONNE,126,FICHE_CREEE->SSCO-AB_censier_rs_0257,"— Johannes de Danemarie, 3 ob. pro uno quarterio vinee ejusdem portus."
Johannes de Genouli,PERSONNE,134,FICHE_CREEE->SSCO-AB_censier_rs_0258,"— Johannes de Genouli, 3 d."
Johannes de Loco Sancto,PERSONNE,116,FICHE_CREEE->SSCO-AB_censier_rs_0259,"— Johannes de Loco Sancto, 18 d. pro domo."
Johannes de Moisiaco,PERSONNE,120,FICHE_CREEE->SSCO-AB_censier_rs_0260,"— Johannes de Moisiaco, 2 d."
Johannes de Sancto Quintino,PERSONNE,130,FICHE_CREEE->SSCO-AB_censier_rs_0261,"— Johannes de Sancto Quintino, 12 d. pro domo sua."
Johannes de Senonis,PERSONNE,114,FICHE_CREEE->SSCO-AB_censier_rs_0262,"— Johannes de Senonis, 12 d."
Johannes dictus Gigot,PERSONNE,133,FICHE_CREEE->SSCO-AB_censier_rs_0263,"— Johannes dictus Gigot, 6 d."
Johannes Doublier,PERSONNE,135,FICHE_CREEE->SSCO-AB_censier_rs_0264,"— Johannes Doublier, 7 d. ob."
Johannes Echerpel,PERSONNE,115,FICHE_CREEE->SSCO-AB_censier_rs_0265,"— Johannes Echerpel, 9 d."
Johannes filius ejus,PERSONNE,123,FICHE_CREEE->SSCO-AB_censier_rs_0266,"— Johannes filius ejus, 1 d."
Johannes filius Richardi Menant,PERSONNE,137,FICHE_CREEE->SSCO-AB_censier_rs_0267,"— Johannes filius Richardi Menant, 6 d. pro duobus arpentis."
Johannes Geubert et Avelot,PERSONNE,135,FICHE_CREEE->SSCO-AB_censier_rs_0268,"— Johannes Geubert et Avelot, 4 d."
Johannes Geumer,PERSONNE,115,FICHE_CREEE->SSCO-AB_censier_rs_0269,"— Johannes Geumer, 9 d."
Johannes Herbertus,PERSONNE,134,FICHE_CREEE->SSCO-AB_censier_rs_0270,"— Johannes Herbertus, 3 d."
Johannes Joumeril,PERSONNE,119,FICHE_CREEE->SSCO-AB_censier_rs_0271,"— Johannes Joumeril, 12 d. pro platea sua post domum suam."
Johannes Li Boiteus,PERSONNE,134,FICHE_CREEE->SSCO-AB_censier_rs_0272,"— Johannes Li Boiteus, 7 d. ob."
Johannes li Megeiciers de Meleduno,PERSONNE,137,FICHE_CREEE->SSCO-AB_censier_rs_0273,"— Johannes li Megeiciers de Meleduno, 4 d. pro arpento."
Johannes Li Ogres,PERSONNE,128,FICHE_CREEE->SSCO-AB_censier_rs_0274,"— Johannes Li Ogres, 2 d. et obolum pro dimidio dreture."
Johannes Magnus,PERSONNE,127,FICHE_CREEE->SSCO-AB_censier_rs_0275,"— Johannes Magnus, 3 d. pro uno arpento terre et dimidio qui sunt ultra nemus de Nanziaco."
Johannes Morellus,PERSONNE,"115,134",FICHE_CREEE->SSCO-AB_censier_rs_0276,"— Johannes Morelli, 4 s. et 3 ob. | — Johannes Morellus, 9 d."
Johannes Peinchaut,PERSONNE,116,FICHE_CREEE->SSCO-AB_censier_rs_0277,"— Johannes Peinchaut, 12 d. pro domo."
Johannes Rufus,PERSONNE,133,FICHE_CREEE->SSCO-AB_censier_rs_0278,"— Johannes Rufus, 3 d."
Johannes Sutor,PERSONNE,"119,119",FICHE_CREEE->SSCO-AB_censier_rs_0279,"— Johannes Sutor, 9 d. pro domo, et 6 d. pro vinea. | — Johannes Sutor, pro domo sua, 3 s. uno denario minus."
Joibertus Postel,PERSONNE,117,FICHE_CREEE->SSCO-AB_censier_rs_0280,"— Joibertus Postel, 8 d."
Juliana,PERSONNE,126,FICHE_CREEE->SSCO-AB_censier_rs_0281,"— Juliana, unum obolum pro tribus sulcis terre que est ultra nemus."
Juliana Clarte,PERSONNE,116,FICHE_CREEE->SSCO-AB_censier_rs_0282,"— Juliana Clarte, 4 d. de caneveria de Formunt."
La Cossarde de Tigeri,PERSONNE,116,FICHE_CREEE->SSCO-AB_censier_rs_0283,"— La Cossarde de Tigeri, 12 d. pro vinea de Boucornu."
La Mureille,PERSONNE,134,FICHE_CREEE->SSCO-AB_censier_rs_0284,"— La Mureille, 3 ob."
Laia Cote,PERSONNE,134,FICHE_CREEE->SSCO-AB_censier_rs_0285,"— Laia Cote, 3 ob."
Lambertus de Poulli et Doela,PERSONNE,122,FICHE_CREEE->SSCO-AB_censier_rs_0286,"— Lambertus de Poulli et Doela, 3 d. picta minus."
Lambertus Godefroi,PERSONNE,135,FICHE_CREEE->SSCO-AB_censier_rs_0287,"— Lambertus Godefroi, 4 d. ob."
Landricus,PERSONNE,114,FICHE_CREEE->SSCO-AB_censier_rs_0288,"— Dominus Landricus, 14 d."
Landris de Porta,PERSONNE,126,FICHE_CREEE->SSCO-AB_censier_rs_0289,"— Landris de Porta, 3 p. pro duobus sulcis terre que est ultra nemus."
Laurencius Angevini,PERSONNE,126,FICHE_CREEE->SSCO-AB_censier_rs_0290,"— Laurencius Angevini, 6 d. et 3 p. pro terra sua que est ibidem."
Laurencius presbiter,PERSONNE,116,FICHE_CREEE->SSCO-AB_censier_rs_0291,"— Laurencius presbiter, 5 d."
Légier Jadais,PERSONNE,134,FICHE_CREEE->SSCO-AB_censier_rs_0292,"— Légier Jadais, 6 d."
Leodegarius de Pulli,PERSONNE,122,FICHE_CREEE->SSCO-AB_censier_rs_0293,"— Leodegarius de Pulli, 6 d."
Li gendres Vincent,PERSONNE,135,FICHE_CREEE->SSCO-AB_censier_rs_0294,"— Li gendres Vincent, 3 d."
Liberi + Galteri Angelart,PERSONNE,121,FICHE_CREEE->SSCO-AB_censier_rs_0295,"— Liberi + Galteri Angelart, 4 d."
Liberi + Landrici Turion,PERSONNE,119,FICHE_CREEE->SSCO-AB_censier_rs_0296,"— Liberi + Landrici Turion, 2 d. pro terra sua de Leudeville."
Liberi Galteri Menoche,PERSONNE,135,FICHE_CREEE->SSCO-AB_censier_rs_0297,"— Liberi Galteri Menoche, 4 d. picta minus."
Liberi Girardi Vérité,PERSONNE,134,FICHE_CREEE->SSCO-AB_censier_rs_0298,"— Liberi Girardi Vérité, 6 d."
Luminare Sancti Exuperii,PERSONNE,119,FICHE_CREEE->SSCO-AB_censier_rs_0299,"— Luminare Sancti Exuperii, 2 s. pro vinea de Maugarde."
Macellus,PERSONNE,135,FICHE_CREEE->SSCO-AB_censier_rs_0300,"— Macellus, 2 d."
Mahis de Sancto Lupo,PERSONNE,127,FICHE_CREEE->SSCO-AB_censier_rs_0301,"— Mahis de Sancto Lupo, 6 d. pro duobus arpentis terre que est apud Bletart."
Mainardus de Soisi,PERSONNE,130,FICHE_CREEE->SSCO-AB_censier_rs_0302,"— Mainardus de Soisi, 2 d. et obolum."
Mainfredus,PERSONNE,129,FICHE_CREEE->SSCO-AB_censier_rs_0303,"— Mainfredus, 7 p. pro droitura et 5 p. pro quarterio."
Maiorissa,PERSONNE,130,FICHE_CREEE->SSCO-AB_censier_rs_0304,"— Maiorissa, 5 p. pro quarterio de Majoria."
Major de Paroi,PERSONNE,135,FICHE_CREEE->SSCO-AB_censier_rs_0305,"— Major de Paroi, 3 ob."
Major de Villadudone,PERSONNE,114,FICHE_CREEE->SSCO-AB_censier_rs_0306,"— Major de Villadudone pro domo, 16 d."
Majori de Balencuria,PERSONNE,125,FICHE_CREEE->SSCO-AB_censier_rs_0307,"— Majori de Balencuria, 4 d. pro domo vicariorum."
Manerius de Seintriaco,PERSONNE,117,FICHE_CREEE->SSCO-AB_censier_rs_0308,"— Manerius de Seintriaco, 3 d."
Margarita de Granchia,PERSONNE,115,FICHE_CREEE->SSCO-AB_censier_rs_0309,"— Margarita de Granchia, 2 s., pro domo."
Marguarita de Granchia,PERSONNE,131,FICHE_CREEE->SSCO-AB_censier_rs_0310,"— Marguarita de Granchia, 12 d. pro domo."
Maria La Peletiere,PERSONNE,133,FICHE_CREEE->SSCO-AB_censier_rs_0311,"— Maria La Peletiere, 3 d."
Martinus de Paris,PERSONNE,115,FICHE_CREEE->SSCO-AB_censier_rs_0312,"— Martinus de Paris pro domo, 11 d."
Martinus de Porta,PERSONNE,129,FICHE_CREEE->SSCO-AB_censier_rs_0313,"— Martinus de Porta, 7 d. et obolum."
Martinus Plomart,PERSONNE,114,FICHE_CREEE->SSCO-AB_censier_rs_0314,"— Martinus Plomart, 6 d."
Matheus,PERSONNE,"132,133",FICHE_CREEE->SSCO-AB_censier_rs_0315,"— Dominus Matheus, capellanus, in domo Dei, 3 s. pro vineis de Vignon. | — Matheus (effacé), 3 ob."
Matheus de Bello Visu,PERSONNE,129,FICHE_CREEE->SSCO-AB_censier_rs_0316,"— Matheus de Bello Visu, 2 d. et obolum."
Matheus Hellebaut,PERSONNE,137,FICHE_CREEE->SSCO-AB_censier_rs_0317,"— Matheus Hellebaut, 7 d. pro arpento."
Matheus Rex,PERSONNE,121,FICHE_CREEE->SSCO-AB_censier_rs_0318,"— Matheus Rex, 3 d. pro domo."
Michael de Calceia,PERSONNE,118,FICHE_CREEE->SSCO-AB_censier_rs_0319,"— Michael de Calceia, 4 d."
Michael des Broces,PERSONNE,136,FICHE_CREEE->SSCO-AB_censier_rs_0320,"— Michael des Broces, 3 d. et ob."
Michael filius Sedile,PERSONNE,133,FICHE_CREEE->SSCO-AB_censier_rs_0321,"— Michael filius Sedile, 4 d. et obolum."
Milo Cavatarius,PERSONNE,134,FICHE_CREEE->SSCO-AB_censier_rs_0322,"— Milo Cavatarius, 3 d."
Milo de Yenvilla,PERSONNE,129,FICHE_CREEE->SSCO-AB_censier_rs_0323,"— Milo de Yenvilla, 2 d. et obolum que (?) est de Majoria."
Milo Richart,PERSONNE,129,FICHE_CREEE->SSCO-AB_censier_rs_0324,"— Milo Richart, 2 d. et obolum pro dimidia droitura nova."
Monachi de Barbeel,PERSONNE,115,FICHE_CREEE->SSCO-AB_censier_rs_0325,"— Monachi de Barbeel, 10 d. ob. pro vinea que fuit Guerini Bouchier."
Morel,PERSONNE,131,FICHE_CREEE->SSCO-AB_censier_rs_0326,"— Morel pro eadem domo, 8 d."
Nantiers de Sancto Lupo,PERSONNE,127,FICHE_CREEE->SSCO-AB_censier_rs_0327,"— Nantiers de Sancto Lupo, 9 d. et obolum pro tribus arpentis terre, et dimidio quarterio vinee que est a Bletart."
Nicholaus canonicus,PERSONNE,130,FICHE_CREEE->SSCO-AB_censier_rs_0328,"— Nicholaus canonicus, 12 d. pro domo capituli ; et pro duabus domibus suis propriis que fuerunt Plomart, 12 d."
Nicholaus de Ceson,PERSONNE,127,FICHE_CREEE->SSCO-AB_censier_rs_0329,"— Nicholaus de Ceson, 9 d. pro terra sua de Ceson."
Nicholaus de Menesi,PERSONNE,136,FICHE_CREEE->SSCO-AB_censier_rs_0330,"— Dominus Nicholaus de Menesi, 3 d."
Nicholaus de Varatres,PERSONNE,134,FICHE_CREEE->SSCO-AB_censier_rs_0331,"— Nicholaus de Varatres, 9 d."
Nicholaus Farsi,PERSONNE,132,FICHE_CREEE->SSCO-AB_censier_rs_0332,"— Nicholaus Farsi, 8 d. pro domo sua."
Obertus de Nagi,PERSONNE,"120,120",FICHE_CREEE->SSCO-AB_censier_rs_0333,"— Obertus de Nagi, 5 d. pro terra de Bordis. | — Obertus de Nagi, 12 d."
Odierne,PERSONNE,115,FICHE_CREEE->SSCO-AB_censier_rs_0334,"— Odierne, 2 s."
Odinus Borrel,PERSONNE,128,FICHE_CREEE->SSCO-AB_censier_rs_0335,"— Odinus Borrel, 5 p. pro quarterio dreture."
Odo Aalardi,PERSONNE,129,FICHE_CREEE->SSCO-AB_censier_rs_0336,"— Odo Aalardi, 5 p."
Odo Cornutus,PERSONNE,129,FICHE_CREEE->SSCO-AB_censier_rs_0337,"— Odo Cornutus, 2 d. et obolum."
Odo de Miseri,PERSONNE,122,FICHE_CREEE->SSCO-AB_censier_rs_0338,"— Odo de Miseri, 1 d. pro vinea."
Odo des Broces,PERSONNE,134,FICHE_CREEE->SSCO-AB_censier_rs_0339,"— Odo des Broces, 10 d. picta minus."
Odo Parvus Deus,PERSONNE,130,FICHE_CREEE->SSCO-AB_censier_rs_0340,"— Odo Parvus Deus, 2 d. et obolum sine dretura."
Odo Patouart,PERSONNE,128,FICHE_CREEE->SSCO-AB_censier_rs_0341,"— Odo Patouart, 7 d. pro sua vinea de Blecart."
Odo Raimbierge,PERSONNE,122,FICHE_CREEE->SSCO-AB_censier_rs_0342,"— Odo Raimbierge, 2 d."
Odo Ribillart,PERSONNE,127,FICHE_CREEE->SSCO-AB_censier_rs_0343,"— Odo Ribillart, 4 d. pro uno jornel terre que est au Maupertuis."
Osanna Ceraria,PERSONNE,132,FICHE_CREEE->SSCO-AB_censier_rs_0344,"— Osanna Ceraria, 3 s. 9 d. pro domo sua."
Peregrinus presbiter,PERSONNE,130,FICHE_CREEE->SSCO-AB_censier_rs_0345,"— Dominus Peregrinus presbiter, 2 d. et obolum."
Petronilla Lasurcene,PERSONNE,115,FICHE_CREEE->SSCO-AB_censier_rs_0346,"— Petronilla Lasurcene, 20 d."
Petrus ad dominas,PERSONNE,136,FICHE_CREEE->SSCO-AB_censier_rs_0347,"— Petrus ad dominas, 3 d."
Petrus Biaugendre,PERSONNE,133,FICHE_CREEE->SSCO-AB_censier_rs_0348,"— Petrus Biaugendre, 3 d."
Petrus Carpentarius,PERSONNE,127,FICHE_CREEE->SSCO-AB_censier_rs_0349,"— Petrus Carpentarius, 4 d. pro dimidio arpento vinee que est a Blacart."
Petrus de Atheis,PERSONNE,"114,117",FICHE_CREEE->SSCO-AB_censier_rs_0350,"— Petrus de Atheis, 8 d. | — Petrus de Atheis, 4 d."
Petrus de Chantelou,PERSONNE,134,FICHE_CREEE->SSCO-AB_censier_rs_0351,"— Petrus de Chantelou, 3 d."
Petrus de Chatelle,PERSONNE,127,FICHE_CREEE->SSCO-AB_censier_rs_0352,"— Petrus de Chatelle, 6 d. pro terra sua de Ceson."
Petrus de Coupegni,PERSONNE,118,FICHE_CREEE->SSCO-AB_censier_rs_0353,"— Petrus de Coupegni, 3 d. pro terra sua."
Petrus de Coupigni,PERSONNE,118,FICHE_CREEE->SSCO-AB_censier_rs_0354,"— Petrus de Coupigni, 1 d."
Petrus de Donjun et frater ejus,PERSONNE,114,FICHE_CREEE->SSCO-AB_censier_rs_0355,"— Dominus Petrus de Donjun et frater ejus, 16 d., pro omnibus que tenet a nobis ultra nostram aquam."
Petrus de Eprena,PERSONNE,128,FICHE_CREEE->SSCO-AB_censier_rs_0356,"— Petrus de Eprena, 1 d."
Petrus de Granchia,PERSONNE,115,FICHE_CREEE->SSCO-AB_censier_rs_0357,"— Petrus de Granchia, 12 d., de terra."
Petrus filius + Renardi de Forges,PERSONNE,128,FICHE_CREEE->SSCO-AB_censier_rs_0358,"— Petrus filius + Renardi de Forges, 2 d. pro uno arpento terre que est ultra nemus."
Petrus Godefroi,PERSONNE,135,FICHE_CREEE->SSCO-AB_censier_rs_0359,"— Petrus Godefroi, 3 ob."
Petrus Guagnart et Balduinus gener ejus,PERSONNE,117,FICHE_CREEE->SSCO-AB_censier_rs_0360,"— Petrus Guagnart et Balduinus gener ejus, 3 d. ob. pro vinea de Gripetcin."
Petrus Harduinus de Poulli,PERSONNE,136,FICHE_CREEE->SSCO-AB_censier_rs_0361,"— Petrus Harduinus de Poulli, 2 d. pro tribus quarteriis."
Petrus Jocelini,PERSONNE,117,FICHE_CREEE->SSCO-AB_censier_rs_0362,"— Petrus Jocelini, 15 d. de Maugarde."
Petrus Lauvernat,PERSONNE,135,FICHE_CREEE->SSCO-AB_censier_rs_0363,"— Petrus Lauvernat, 7 d. ob."
Petrus Li Maçons,PERSONNE,133,FICHE_CREEE->SSCO-AB_censier_rs_0364,"— Petrus Li Maçons, 3 d."
Petrus Libaus,PERSONNE,121,FICHE_CREEE->SSCO-AB_censier_rs_0365,"— Petrus Libaus, 3 d. pro terra."
Petrus Patouel,PERSONNE,136,FICHE_CREEE->SSCO-AB_censier_rs_0366,"— Petrus Patouel, 3 d."
Petrus Prepositus,PERSONNE,"129,137",FICHE_CREEE->SSCO-AB_censier_rs_0367,"— Petrus Prepositus, 2 d. et obolum pro dimidia droitura. | — Petrus Prepositus, 1 d. pro dimidio arpento."
Philipus de Joiaco,PERSONNE,132,FICHE_CREEE->SSCO-AB_censier_rs_0368,"— Dominus Philipus de Joiaco de omnibus que habet ultra pontellum macerie, 16 d."
Philipus de Sancta,PERSONNE,116,FICHE_CREEE->SSCO-AB_censier_rs_0369,"— Philipus de Sancta, 16 d. de domo."
Presbiteri altaris Sancti Clementis,PERSONNE,115,FICHE_CREEE->SSCO-AB_censier_rs_0370,"— Presbiteri altaris Sancti Clementis, 2 s."
Priori Sancti Johannis de Corbolio,PERSONNE,124,FICHE_CREEE->SSCO-AB_censier_rs_0371,"— Priori Sancti Johannis de Corbolio, 4 d. pro medietate muri Charausauz."
Radulphus Basim,PERSONNE,128,FICHE_CREEE->SSCO-AB_censier_rs_0372,"— Radulphus Basim, 5 p. pro quarterio dreture."
Radulphus Belot,PERSONNE,117,FICHE_CREEE->SSCO-AB_censier_rs_0373,"— Radulphus Belot, 4 d."
Radulphus Faber,PERSONNE,118,FICHE_CREEE->SSCO-AB_censier_rs_0374,"— Radulphus Faber, 2 d. de Coquille."
Radulphus Gonteri,PERSONNE,"118,119",FICHE_CREEE->SSCO-AB_censier_rs_0375,"— Radulphus Gonteri, 8 d. pro vinea de Maugarde. | — Radulphus Gonteri, 6 d. pro domo sua."
Radulphus Morel,PERSONNE,129,FICHE_CREEE->SSCO-AB_censier_rs_0376,"— Radulphus Morel, 2 d. et obolum pro dimidio droitura."
Radulphus Oberti de Vere Parvo,PERSONNE,119,FICHE_CREEE->SSCO-AB_censier_rs_0377,"— Radulphus Oberti de Vere Parvo, 2 d. de terra sua."
Ramboldus,PERSONNE,"120,120",FICHE_CREEE->SSCO-AB_censier_rs_0378,"— Ramboldus, 5 d. pro vinea de Braatel. | — Ramboldus, 12 d. pro vinea sua."
Reginaldus de Autisiodoro,PERSONNE,115,FICHE_CREEE->SSCO-AB_censier_rs_0379,"— Reginaldus de Autisiodoro, 4 d."
Reginaldus des Broces,PERSONNE,135,FICHE_CREEE->SSCO-AB_censier_rs_0380,"— Reginaldus des Broces, 3 d."
Reginaldus des Nes,PERSONNE,118,FICHE_CREEE->SSCO-AB_censier_rs_0381,"— Dominus Reginaldus des Nes (?), 14 d. pro domo sua juxta Soisiacum."
Reginaldus gener ejus,PERSONNE,121,FICHE_CREEE->SSCO-AB_censier_rs_0382,"— Reginaldus gener ejus, 6 d."
Reginaldus Gilout,PERSONNE,127,FICHE_CREEE->SSCO-AB_censier_rs_0383,"— Reginaldus Gilout, 3 ob. pro tribus quarteriis terre in eodem loco."
Reginaldus Helisant,PERSONNE,135,FICHE_CREEE->SSCO-AB_censier_rs_0384,"— Reginaldus Helisant, 3 d."
Relicta + Renoldi Goncelin,PERSONNE,121,FICHE_CREEE->SSCO-AB_censier_rs_0385,"— Relicta + Renoldi Goncelin, 1 d."
Relicta Andree Cadot,PERSONNE,134,FICHE_CREEE->SSCO-AB_censier_rs_0386,"— Relicta Andree Cadot, 3 d."
Relicta Berodi de Atheis,PERSONNE,118,FICHE_CREEE->SSCO-AB_censier_rs_0387,"— Relicta Berodi de Atheis, 12 d."
Relicta Bertaudi de Tourailes,PERSONNE,134,FICHE_CREEE->SSCO-AB_censier_rs_0388,"— Relicta Bertaudi de Tourailes, 4 d."
Relicta Bertaudi prepositi,PERSONNE,132,FICHE_CREEE->SSCO-AB_censier_rs_0389,"— Relicta Bertaudi prepositi, 18 d. pro domo."
Relicta Bricii Sutoris,PERSONNE,133,FICHE_CREEE->SSCO-AB_censier_rs_0390,"— Relicta Bricii Sutoris, 1 d. pro caneveria juxta pratum Sancti Johannis."
Relicta Galteri Houdaart,PERSONNE,133,FICHE_CREEE->SSCO-AB_censier_rs_0391,"— Relicta Galteri Houdaart, 15 d."
Relicta Guidonis Tourode,PERSONNE,116,FICHE_CREEE->SSCO-AB_censier_rs_0392,"— Relicta Guidonis Tourode, 6 d."
Relicta Houderii,PERSONNE,129,FICHE_CREEE->SSCO-AB_censier_rs_0393,"— Relicta Houderii, 2 d."
Relicta Hugonis Coillart,PERSONNE,132,FICHE_CREEE->SSCO-AB_censier_rs_0394,"— Relicta Hugonis Coillart, 18 d. pro domo."
Relicta Mandin de Veteri Corbolio,PERSONNE,118,FICHE_CREEE->SSCO-AB_censier_rs_0395,"— Relicta Mandin de Veteri Corbolio, 12 d. pro vinea sua de Sofflet."
Relicta Martini de Evriaco,PERSONNE,121,FICHE_CREEE->SSCO-AB_censier_rs_0396,"— Relicta Martini de Evriaco, 6 d. pro masura."
Relicta Pichardi et Laurencius de Bouseinvilla,PERSONNE,128,FICHE_CREEE->SSCO-AB_censier_rs_0397,"— Relicta Pichardi et Laurencius de Bouseinvilla, 2 d. et obolum pro dimidio dreture."
Relicta Reginaldi de Puteo,PERSONNE,115,FICHE_CREEE->SSCO-AB_censier_rs_0398,"— Relicta Reginaldi de Puteo, 2 d."
Relicta Renaudi Fortis,PERSONNE,129,FICHE_CREEE->SSCO-AB_censier_rs_0399,"— Relicta Renaudi Fortis, 2 d. obolum pro dimidio droitura."
Relicta Roberti Normanni,PERSONNE,133,FICHE_CREEE->SSCO-AB_censier_rs_0400,"— Relicta Roberti Normanni, 5 s."
Relicta Simonis de Porta et Guerinus de Sancto Ferreolo et Rollandus mercator,PERSONNE,120,FICHE_CREEE->SSCO-AB_censier_rs_0401,— Relicta Simonis de Porta et Guerinus de Sancto Ferreolo et Rollandus mercator 22 d. de Treliis.
Relicta Stephani Bursarii,PERSONNE,116,FICHE_CREEE->SSCO-AB_censier_rs_0402,"— Relicta Stephani Bursarii, 12 d."
Renaudus Carpentarius,PERSONNE,132,FICHE_CREEE->SSCO-AB_censier_rs_0403,"— Renaudus Carpentarius, 4 d. ob. pro domo."
Renaudus de Varratte,PERSONNE,118,FICHE_CREEE->SSCO-AB_censier_rs_0404,"— Renaudus de Varratte, 3 ob. pro domo."
Renaudus Glene,PERSONNE,128,FICHE_CREEE->SSCO-AB_censier_rs_0405,"— Renaudus Glene, 5 p. pro quarterio dreture."
Renaudus Houset,PERSONNE,116,FICHE_CREEE->SSCO-AB_censier_rs_0406,"— Renaudus Houset, d. 10, d. ob. pro vinea de Vignon."
Renaudus Marie,PERSONNE,128,FICHE_CREEE->SSCO-AB_censier_rs_0407,"— Renaudus Marie, 5 p. pro quarterio dreture."
Renaudus Olearius,PERSONNE,116,FICHE_CREEE->SSCO-AB_censier_rs_0408,"— Dominus Renaudus Olearius, 6 d. pro vinea de Perreto."
Renerius Random,PERSONNE,117,FICHE_CREEE->SSCO-AB_censier_rs_0409,"— Renerius Random, 2 d. ob."
Richardus de Auverniaus,PERSONNE,121,FICHE_CREEE->SSCO-AB_censier_rs_0410,"— Richardus de Auverniaus, 2 d."
Richardus de Heitis,PERSONNE,135,FICHE_CREEE->SSCO-AB_censier_rs_0411,"— Richardus de Heitis, 3 d."
Richardus Goderau,PERSONNE,136,FICHE_CREEE->SSCO-AB_censier_rs_0412,"— Richardus Goderau, 3 d."
Richardus Papillons,PERSONNE,122,FICHE_CREEE->SSCO-AB_censier_rs_0413,"— Richardus Papillons, 3 d."
Richardus Plastarius,PERSONNE,116,FICHE_CREEE->SSCO-AB_censier_rs_0414,"— Richardus Plastarius, 4 d. pro vinea."
Richardus Prepositus,PERSONNE,137,FICHE_CREEE->SSCO-AB_censier_rs_0415,"— Richardus Prepositus, 1 d. pro dimidio arpento."
Richardus Textor,PERSONNE,119,FICHE_CREEE->SSCO-AB_censier_rs_0416,"— Richardus Textor, 8 d. pro domo sua."
Richerius du Buisson,PERSONNE,118,FICHE_CREEE->SSCO-AB_censier_rs_0417,"— Richerius du Buisson, 1 pictam."
Richerius Pions,PERSONNE,114,FICHE_CREEE->SSCO-AB_censier_rs_0418,"— Richerius Pions, 3 s. obolo minus."
Robertus,PERSONNE,134,FICHE_CREEE->SSCO-AB_censier_rs_0419,"— Robertus (efface), 6 d."
Robertus Angelart,PERSONNE,117,FICHE_CREEE->SSCO-AB_censier_rs_0420,"— Robertus Angelart, 4 d. de Mantellon."
Robertus Aviart,PERSONNE,118,FICHE_CREEE->SSCO-AB_censier_rs_0421,"— Robertus Aviart, 4 d."
Robertus canonicus,PERSONNE,114,FICHE_CREEE->SSCO-AB_censier_rs_0422,"— Robertus canonicus, 12 d."
Robertus Carnifex,PERSONNE,"115,117",FICHE_CREEE->SSCO-AB_censier_rs_0423,"— Robertus Carnifex, 22 d. | — Robertus carnifex, 13 d."
Robertus de Challi,PERSONNE,121,FICHE_CREEE->SSCO-AB_censier_rs_0424,"— Robertus de Challi, 3 d."
Robertus de Feritate,PERSONNE,114,FICHE_CREEE->SSCO-AB_censier_rs_0425,"— Dominus Robertus de Feritate, 14 d."
Robertus de Leudeville,PERSONNE,119,FICHE_CREEE->SSCO-AB_censier_rs_0426,"— Robertus de Leudeville, 6 d."
Robertus de Mariavala,PERSONNE,121,FICHE_CREEE->SSCO-AB_censier_rs_0427,"— Robertus de Mariavala, 12 d. pro terra de Chimino."
Robertus de Neinvillé,PERSONNE,135,FICHE_CREEE->SSCO-AB_censier_rs_0428,"— Robertus de Neinvillé (?), 3 ob."
Robertus de Porta,PERSONNE,117,FICHE_CREEE->SSCO-AB_censier_rs_0429,"— Robertus de Porta, 8 d."
Robertus de Puteo,PERSONNE,114,FICHE_CREEE->SSCO-AB_censier_rs_0430,"— Robertus de Puteo, 18 d."
Robertus de Tourailes,PERSONNE,135,FICHE_CREEE->SSCO-AB_censier_rs_0431,"— Robertus de Tourailes, 3 d."
Robertus des Broces,PERSONNE,133,FICHE_CREEE->SSCO-AB_censier_rs_0432,"— Robertus des Broces, 6 d."
Robertus Engelart,PERSONNE,120,FICHE_CREEE->SSCO-AB_censier_rs_0433,"— Robertus Engelart, 4 d. pro domo sua, et pro platea, 3 p."
Robertus frater ejus,PERSONNE,118,FICHE_CREEE->SSCO-AB_censier_rs_0434,"— Robertus frater ejus, 2 d."
Robertus Orsian,PERSONNE,135,FICHE_CREEE->SSCO-AB_censier_rs_0435,"— Robertus Orsian, 4 d. ob."
Robertus Pousemie,PERSONNE,133,FICHE_CREEE->SSCO-AB_censier_rs_0436,"— Robertus Pousemie, 3 ob."
Robertus Torrel,PERSONNE,119,FICHE_CREEE->SSCO-AB_censier_rs_0437,"— Robertus Torrel, 2 d. pro terra sua prope monasterium de Seintriaco."
Roce,PERSONNE,129,FICHE_CREEE->SSCO-AB_censier_rs_0438,"— Roce, 5 p. pro quarterio."
Roche La Muniere,PERSONNE,126,FICHE_CREEE->SSCO-AB_censier_rs_0439,"— Roche La Muniere, 6 d. et 3 p. pro terra sua que sedet a Bletart."
Rogerius canonicus,PERSONNE,130,FICHE_CREEE->SSCO-AB_censier_rs_0440,"— Rogerius canonicus, 16 d. pro domo que fuit Richerii presbiteri ; et pro domo Polinorum, 12 d."
Rogerius Carnifex,PERSONNE,115,FICHE_CREEE->SSCO-AB_censier_rs_0441,"— Rogerius Carnifex, 16 d."
Rogerius Li Loeirs,PERSONNE,126,FICHE_CREEE->SSCO-AB_censier_rs_0442,"— Rogerius Li Loeirs, 3 d. et obolum pro tribus arpentis terre quarterio minus que est ultra nemus."
Rogerius Monachus,PERSONNE,135,FICHE_CREEE->SSCO-AB_censier_rs_0443,"— Rogerius Monachus, 7 d. ob."
Rolant Colse,PERSONNE,134,FICHE_CREEE->SSCO-AB_censier_rs_0444,"— Rolant Colse, 6 d. ob."
Sanctus Lazarus de Meleduno,PERSONNE,"122,136",FICHE_CREEE->SSCO-AB_censier_rs_0445,"— Sanctus Lazarus de Meleduno, 18 d. | — Sanctus Lazarus de Meleduno, 18 d. de sex arpentis vel circa."
Sedila dicta Pulcrum genus,PERSONNE,133,FICHE_CREEE->SSCO-AB_censier_rs_0446,"— Sedila dicta Pulcrum genus, 3 d."
Sevinus Plomart,PERSONNE,114,FICHE_CREEE->SSCO-AB_censier_rs_0447,"— Sevinus Plomart, 12 d."
Simon,PERSONNE,134,FICHE_CREEE->SSCO-AB_censier_rs_0448,"— Simon (efface), 3 ob."
Simon de Campania,PERSONNE,134,FICHE_CREEE->SSCO-AB_censier_rs_0449,"— Simon de Campania, 6 d."
Simon de Corbolio,PERSONNE,130,FICHE_CREEE->SSCO-AB_censier_rs_0450,"— Dominus Simon de Corbolio, 2 s. pro quadam parte domus sue site in fine claustri."
Simon Forgue,PERSONNE,136,FICHE_CREEE->SSCO-AB_censier_rs_0451,"— Simon Forgue, 3 d."
Simon nepos + Auberici Fabri,PERSONNE,117,FICHE_CREEE->SSCO-AB_censier_rs_0452,"— Simon nepos + Auberici Fabri, 8 d."
Simon Rex,PERSONNE,127,FICHE_CREEE->SSCO-AB_censier_rs_0453,"— Simon Rex, 3 d. pro uno arpento terre que est au gros buison."
Simon Vilaume de Veteri Corbolio,PERSONNE,118,FICHE_CREEE->SSCO-AB_censier_rs_0454,"— Simon Vilaume de Veteri Corbolio, 19 d. de terra de Coupigni, et pro vinea sua, 7 d."
Soror episcopi R,PERSONNE,132,FICHE_CREEE->SSCO-AB_censier_rs_0455,"— Soror episcopi R., 12 d. pro domo."
Stephanus,PERSONNE,128,FICHE_CREEE->SSCO-AB_censier_rs_0456,"— Stephanus, 5 p. pro quarterio dreture."
Stephanus de Bello-Visu,PERSONNE,128,FICHE_CREEE->SSCO-AB_censier_rs_0457,"— Stephanus de Bello-Visu, 2 d. et obolum pro dimidio dreture."
Stephanus de Bordis,PERSONNE,129,FICHE_CREEE->SSCO-AB_censier_rs_0458,"— Stephanus de Bordis, 5 d. et obolum et dimidiam pictam pro una droitura et dimidio quarterio."
Stephanus de Manessiaco,PERSONNE,128,FICHE_CREEE->SSCO-AB_censier_rs_0459,"— Stephanus de Manessiaco, 5 p. pro quarterio dreture."
Stephanus de Moreto,PERSONNE,113,FICHE_CREEE->SSCO-AB_censier_rs_0460,"— Dominus Stephanus de Moreto, 2 s."
Stephanus de Ulmeio,PERSONNE,126,FICHE_CREEE->SSCO-AB_censier_rs_0461,"— Stephanus de Ulmeio, 6 d. pro uno arpento vinee juxta eumdem portum."
Stephanus Ferricus,PERSONNE,135,FICHE_CREEE->SSCO-AB_censier_rs_0462,"— Stephanus Ferricus, 3 d."
Stephanus Geubert,PERSONNE,135,FICHE_CREEE->SSCO-AB_censier_rs_0463,"— Stephanus Geubert, 4 d. picta minus."
Stephanus Landri,PERSONNE,135,FICHE_CREEE->SSCO-AB_censier_rs_0464,"— Stephanus Landri, 3 d."
Stephanus li Modius et Radulphus,PERSONNE,135,FICHE_CREEE->SSCO-AB_censier_rs_0465,"— Stephanus li Modius et Radulphus, 9 d."
Stephanus presbiter,PERSONNE,117,FICHE_CREEE->SSCO-AB_censier_rs_0466,"— Stephanus presbiter, 8 d."
Symon Menant,PERSONNE,136,FICHE_CREEE->SSCO-AB_censier_rs_0467,"— Symon Menant, 2 d. pro dimidio arpento."
Templarii,PERSONNE,116,FICHE_CREEE->SSCO-AB_censier_rs_0468,"— Templarii, 12 d. pro terra de Molendino."
Tencura Otranni de Evriaco,PERSONNE,122,FICHE_CREEE->SSCO-AB_censier_rs_0469,"— Tencura Otranni de Evriaco, 10 d."
Terricus Li Poitevins,PERSONNE,126,FICHE_CREEE->SSCO-AB_censier_rs_0470,"— Terricus Li Poitevins, 11 d. et obolum pro uno quarterio vinee que est a Bletart et pro terra sua que est in eodem loco."
Terricus Libert,PERSONNE,116,FICHE_CREEE->SSCO-AB_censier_rs_0471,"— Terricus Libert, 12 d. pro domo sua."
Terricus Prepositus,PERSONNE,115,FICHE_CREEE->SSCO-AB_censier_rs_0472,"— Terricus Prepositus, 4 d. ob. pro vinea de Vignon."
Theolbaldus Buinelle,PERSONNE,122,FICHE_CREEE->SSCO-AB_censier_rs_0473,"— Dominus Theolbaldus Buinelle, 12 d."
Theolbaldus Carnifex,PERSONNE,118,FICHE_CREEE->SSCO-AB_censier_rs_0474,"— Theolbaldus Carnifex, 2 d. pro vinea."
Theolbaldus de Nagi,PERSONNE,114,FICHE_CREEE->SSCO-AB_censier_rs_0475,"— Theolbaldus de Nagi, 12 d."
Theolbaldus et Droco frater ejus,PERSONNE,121,FICHE_CREEE->SSCO-AB_censier_rs_0476,"— Theolbaldus et Droco frater ejus, 18 d. pro terra de Chemino et 12 d. de Evriaco."
Theolbaldus Giraumes,PERSONNE,117,FICHE_CREEE->SSCO-AB_censier_rs_0477,"— Theolbaldus Giraumes, 6 d."
Theolbaldus Letoich,PERSONNE,136,FICHE_CREEE->SSCO-AB_censier_rs_0478,"— Theolbaldus Letoich, 2 d. pro quarterio et dimidio."
Theolbaldus Rex,PERSONNE,128,FICHE_CREEE->SSCO-AB_censier_rs_0479,"— Theolbaldus Rex, 2 d. et obolum pro dimidio dreture."
Theophania de Vallibus,PERSONNE,122,FICHE_CREEE->SSCO-AB_censier_rs_0480,"— Theophania de Vallibus, 2 d."
Thomas de Bordis,PERSONNE,122,FICHE_CREEE->SSCO-AB_censier_rs_0481,"— Thomas de Bordis, 5 d."
Thomas Idart,PERSONNE,134,FICHE_CREEE->SSCO-AB_censier_rs_0482,"— Thomas Idart, 10 d. ob."
Tibaudus Carnifex,PERSONNE,131,FICHE_CREEE->SSCO-AB_censier_rs_0483,"— Tibaudus Carnifex, 22 d. pro domo sua."
Tibaudus de Limoges,PERSONNE,137,FICHE_CREEE->SSCO-AB_censier_rs_0484,"— Tibaudus de Limoges, 7 d. pro arpento."
Tibaut Brichart,PERSONNE,117,FICHE_CREEE->SSCO-AB_censier_rs_0485,"— Tibaut Brichart, 10 d."
Tibaut Carro,PERSONNE,118,FICHE_CREEE->SSCO-AB_censier_rs_0486,"— Tibaut Carro pro domo, 3 s."
Tibaut Giriaume,PERSONNE,116,FICHE_CREEE->SSCO-AB_censier_rs_0487,"— Tibaut Giriaume, 2 d. ob."
Tibaut Jeremie,PERSONNE,130,FICHE_CREEE->SSCO-AB_censier_rs_0488,"— Tibaut Jeremie, 1 d. picta minus pro tribus quarteriis de Majoria."
Tibaut Mandin,PERSONNE,121,FICHE_CREEE->SSCO-AB_censier_rs_0489,"— Tibaut Mandin, 12 d. pro vinea sua de clauso comitis et decima (m)."
Trébuchet,PERSONNE,135,FICHE_CREEE->SSCO-AB_censier_rs_0490,"— Trébuchet, 3 ob."
Uxor + Hugonis Tourede,PERSONNE,114,FICHE_CREEE->SSCO-AB_censier_rs_0491,"— Uxor + Hugonis Tourede, 4 d., et ob."
Uxor + Simonis de Porta,PERSONNE,117,FICHE_CREEE->SSCO-AB_censier_rs_0492,"— Uxor + Simonis de Porta, 8 d. pro vinea de Maugarde."
Uxor Anrrici de Moreto,PERSONNE,117,FICHE_CREEE->SSCO-AB_censier_rs_0493,"— Uxor Anrrici de Moreto, 2 s. pro vinea de Veteri Foro que nunc debet, 4 s. de quibus ecclesia Beate Marie de Corbolio debet, 2 s."
Vincencius,PERSONNE,134,FICHE_CREEE->SSCO-AB_censier_rs_0494,"— Vincencius, 3 d."
Vitalis de Villa,PERSONNE,128,FICHE_CREEE->SSCO-AB_censier_rs_0495,"— Vitalis de Villa, 5 p. pro quarterio dreture."
Ysabel,PERSONNE,131,FICHE_CREEE->SSCO-AB_censier_rs_0496,"— Ysabel pro domo Rogeri carnificis, 8 d."
